{"cameraMode":{"drawMode":0,"name":"Shaded","section":"Shading Mode"},"sceneLighting":true,"audioPlay":false,"sceneViewState":{"m_AlwaysRefresh":false,"showFog":true,"showSkybox":true,"showFlares":true,"showImageEffects":true,"showParticleSystems":true,"showVisualEffectGraphs":true,"m_FxEnabled":true},"in2DMode":false,"pivot":{"x":1.8560818433761597,"y":12.037574768066407,"z":-4.509917259216309},"rotation":{"x":0.022770244628190995,"y":-0.04557740315794945,"z":0.0012400191044434906,"w":0.9988223910331726},"size":14.520966529846192,"orthographic":true}