{"cameraMode":{"drawMode":0,"name":"Shaded","section":"Shading Mode"},"sceneLighting":true,"audioPlay":false,"sceneViewState":{"m_AlwaysRefresh":false,"showFog":true,"showSkybox":true,"showFlares":true,"showImageEffects":true,"showParticleSystems":true,"showVisualEffectGraphs":true,"m_FxEnabled":true},"in2DMode":false,"pivot":{"x":3.380072832107544,"y":14.248786926269532,"z":-4.902681350708008},"rotation":{"x":0.17428924143314362,"y":0.02010730654001236,"z":-0.00342438742518425,"w":0.9845777153968811},"size":11.294400215148926,"orthographic":true}