Using pre-set license
Built from '2021.3/respin/2021.3.45f2-0da89fac8e' branch; Version is '2021.3.45f2 (88f88f591b2e) revision 8976527'; Using compiler version '192829333'; Build Type 'Release'
OS: 'Windows 11  (10.0.26200) 64bit Professional' Language: 'en' Physical Memory: 31861 MB
BatchMode: 1, IsHumanControllingUs: 0, StartBugReporterOnCrash: 0, Is64bit: 1, IsPro: 1

COMMAND LINE ARGUMENTS:
C:\Program Files\Unity\Hub\Editor\2021.3.45f2\Editor\Unity.exe
-adb2
-batchMode
-noUpm
-name
AssetImportWorker2
-projectPath
C:/Users/gamer/OneDrive/Documents/GitHub/YOKO-S-PINBALL/Yoko's_pinball_unity
-logFile
Logs/AssetImportWorker2.log
-srvPort
57566
Successfully changed project path to: C:/Users/gamer/OneDrive/Documents/GitHub/YOKO-S-PINBALL/Yoko's_pinball_unity
C:/Users/gamer/OneDrive/Documents/GitHub/YOKO-S-PINBALL/Yoko's_pinball_unity
[UnityMemory] Configuration Parameters - Can be set up in boot.config
    "memorysetup-bucket-allocator-granularity=16"
    "memorysetup-bucket-allocator-bucket-count=8"
    "memorysetup-bucket-allocator-block-size=33554432"
    "memorysetup-bucket-allocator-block-count=8"
    "memorysetup-main-allocator-block-size=16777216"
    "memorysetup-thread-allocator-block-size=16777216"
    "memorysetup-gfx-main-allocator-block-size=16777216"
    "memorysetup-gfx-thread-allocator-block-size=16777216"
    "memorysetup-cache-allocator-block-size=4194304"
    "memorysetup-typetree-allocator-block-size=2097152"
    "memorysetup-profiler-bucket-allocator-granularity=16"
    "memorysetup-profiler-bucket-allocator-bucket-count=8"
    "memorysetup-profiler-bucket-allocator-block-size=33554432"
    "memorysetup-profiler-bucket-allocator-block-count=8"
    "memorysetup-profiler-allocator-block-size=16777216"
    "memorysetup-profiler-editor-allocator-block-size=1048576"
    "memorysetup-temp-allocator-size-main=16777216"
    "memorysetup-job-temp-allocator-block-size=2097152"
    "memorysetup-job-temp-allocator-block-size-background=1048576"
    "memorysetup-job-temp-allocator-reduction-small-platforms=262144"
    "memorysetup-temp-allocator-size-background-worker=32768"
    "memorysetup-temp-allocator-size-job-worker=262144"
    "memorysetup-temp-allocator-size-preload-manager=33554432"
    "memorysetup-temp-allocator-size-nav-mesh-worker=65536"
    "memorysetup-temp-allocator-size-audio-worker=65536"
    "memorysetup-temp-allocator-size-cloud-worker=32768"
    "memorysetup-temp-allocator-size-gi-baking-worker=262144"
    "memorysetup-temp-allocator-size-gfx=262144"
Player connection [36824] Host "[IP] 192.168.12.118 [Port] 0 [Flags] 2 [Guid] 2184539423 [EditorId] 2184539423 [Version] 1048832 [Id] WindowsEditor(7,DESKTOP-1EAGCNI) [Debug] 1 [PackageName] WindowsEditor [ProjectName] Editor" joined multi-casting on [225.0.0.222:54997]...

Player connection [36824] Host "[IP] 192.168.12.118 [Port] 0 [Flags] 2 [Guid] 2184539423 [EditorId] 2184539423 [Version] 1048832 [Id] WindowsEditor(7,DESKTOP-1EAGCNI) [Debug] 1 [PackageName] WindowsEditor [ProjectName] Editor" joined alternative multi-casting on [225.0.0.222:34997]...

[Physics::Module] Initialized MultithreadedJobDispatcher with {0} workers.
Refreshing native plugins compatible for Editor in 35.52 ms, found 3 plugins.
Preloading 0 native plugins for Editor in 0.00 ms.
Initialize engine version: 2021.3.45f2 (88f88f591b2e)
[Subsystems] Discovering subsystems at path C:/Program Files/Unity/Hub/Editor/2021.3.45f2/Editor/Data/Resources/UnitySubsystems
[Subsystems] Discovering subsystems at path C:/Users/gamer/OneDrive/Documents/GitHub/YOKO-S-PINBALL/Yoko's_pinball_unity/Assets
GfxDevice: creating device client; threaded=0; jobified=0
Direct3D:
    Version:  Direct3D 11.0 [level 11.1]
    Renderer: AMD Radeon RX 9070 XT (ID=0x7550)
    Vendor:   ATI
    VRAM:     16188 MB
    Driver:   32.0.31021.5001
Initialize mono
Mono path[0] = 'C:/Program Files/Unity/Hub/Editor/2021.3.45f2/Editor/Data/Managed'
Mono path[1] = 'C:/Program Files/Unity/Hub/Editor/2021.3.45f2/Editor/Data/MonoBleedingEdge/lib/mono/unityjit-win32'
Mono config path = 'C:/Program Files/Unity/Hub/Editor/2021.3.45f2/Editor/Data/MonoBleedingEdge/etc'
Using monoOptions --debugger-agent=transport=dt_socket,embedding=1,server=y,suspend=n,address=127.0.0.1:56236
Begin MonoManager ReloadAssembly
Registering precompiled unity dll's ...
Register platform support module: C:/Program Files/Unity/Hub/Editor/2021.3.45f2/Editor/Data/PlaybackEngines/WindowsStandaloneSupport/UnityEditor.WindowsStandalone.Extensions.dll
Registered in 0.003984 seconds.
Native extension for WindowsStandalone target not found
Refreshing native plugins compatible for Editor in 31.72 ms, found 3 plugins.
Preloading 0 native plugins for Editor in 0.00 ms.
Mono: successfully reloaded assembly
- Completed reload, in  0.603 seconds
Domain Reload Profiling:
	ReloadAssembly (603ms)
		BeginReloadAssembly (61ms)
			ExecutionOrderSort (0ms)
			DisableScriptedObjects (0ms)
			BackupInstance (0ms)
			ReleaseScriptingObjects (0ms)
			CreateAndSetChildDomain (0ms)
		EndReloadAssembly (385ms)
			LoadAssemblies (59ms)
			RebuildTransferFunctionScriptingTraits (0ms)
			SetupTypeCache (190ms)
			ReleaseScriptCaches (0ms)
			RebuildScriptCaches (15ms)
			SetupLoadedEditorAssemblies (156ms)
				LogAssemblyErrors (0ms)
				InitializePlatformSupportModulesInManaged (5ms)
				SetLoadedEditorAssemblies (0ms)
				RefreshPlugins (32ms)
				BeforeProcessingInitializeOnLoad (1ms)
				ProcessInitializeOnLoadAttributes (86ms)
				ProcessInitializeOnLoadMethodAttributes (33ms)
				AfterProcessingInitializeOnLoad (0ms)
				EditorAssembliesLoaded (0ms)
			ExecutionOrderSort2 (0ms)
			AwakeInstancesAfterBackupRestoration (0ms)
Platform modules already initialized, skipping
Registering precompiled user dll's ...
Registered in 0.004077 seconds.
Begin MonoManager ReloadAssembly
Native extension for WindowsStandalone target not found
Refreshing native plugins compatible for Editor in 30.88 ms, found 3 plugins.
Preloading 0 native plugins for Editor in 0.00 ms.
log4net:ERROR Error while loading XML configuration
System.Xml.XmlException: Root element is missing.
  at System.Xml.XmlTextReaderImpl.Throw (System.Exception e) [0x00027] in <0e47d6e5abb547ba927c50a2ebe4b19e>:0 
  at System.Xml.XmlTextReaderImpl.ThrowWithoutLineInfo (System.String res) [0x00017] in <0e47d6e5abb547ba927c50a2ebe4b19e>:0 
  at System.Xml.XmlTextReaderImpl.ParseDocumentContent () [0x0035d] in <0e47d6e5abb547ba927c50a2ebe4b19e>:0 
  at System.Xml.XmlTextReaderImpl.Read () [0x0008c] in <0e47d6e5abb547ba927c50a2ebe4b19e>:0 
  at System.Xml.XmlLoader.Load (System.Xml.XmlDocument doc, System.Xml.XmlReader reader, System.Boolean preserveWhitespace) [0x000a6] in <0e47d6e5abb547ba927c50a2ebe4b19e>:0 
  at System.Xml.XmlDocument.Load (System.Xml.XmlReader reader) [0x0002e] in <0e47d6e5abb547ba927c50a2ebe4b19e>:0 
  at log4net.Config.XmlConfigurator.InternalConfigure (log4net.Repository.ILoggerRepository repository, System.IO.Stream configStream) [0x00063] in <e1a77b5dfa0c4a1f8ba616c017f5e0b8>:0 
Package Manager log level set to [2]
[Package Manager] Server::EnsureServerProcessIsRunning -- launch failed, reason: Unity was launched with the -noUpm command-line argument
[Package Manager] Cannot connect to Unity Package Manager local server
Mono: successfully reloaded assembly
- Completed reload, in  1.080 seconds
Domain Reload Profiling:
	ReloadAssembly (1081ms)
		BeginReloadAssembly (78ms)
			ExecutionOrderSort (0ms)
			DisableScriptedObjects (3ms)
			BackupInstance (0ms)
			ReleaseScriptingObjects (0ms)
			CreateAndSetChildDomain (12ms)
		EndReloadAssembly (940ms)
			LoadAssemblies (61ms)
			RebuildTransferFunctionScriptingTraits (0ms)
			SetupTypeCache (228ms)
			ReleaseScriptCaches (0ms)
			RebuildScriptCaches (26ms)
			SetupLoadedEditorAssemblies (617ms)
				LogAssemblyErrors (0ms)
				InitializePlatformSupportModulesInManaged (3ms)
				SetLoadedEditorAssemblies (0ms)
				RefreshPlugins (31ms)
				BeforeProcessingInitializeOnLoad (37ms)
				ProcessInitializeOnLoadAttributes (531ms)
				ProcessInitializeOnLoadMethodAttributes (11ms)
				AfterProcessingInitializeOnLoad (5ms)
				EditorAssembliesLoaded (0ms)
			ExecutionOrderSort2 (0ms)
			AwakeInstancesAfterBackupRestoration (4ms)
Platform modules already initialized, skipping
========================================================================
Worker process is ready to serve import requests
Launched and connected shader compiler UnityShaderCompiler.exe after 0.07 seconds
Refreshing native plugins compatible for Editor in 0.49 ms, found 3 plugins.
Preloading 0 native plugins for Editor in 0.00 ms.
Unloading 3480 Unused Serialized files (Serialized files now loaded: 0)
Unloading 26 unused Assets / (20.5 KB). Loaded Objects now: 3947.
Memory consumption went from 125.9 MB to 125.9 MB.
Total: 2.353900 ms (FindLiveObjects: 0.193900 ms CreateObjectMapping: 0.081800 ms MarkObjects: 2.059800 ms  DeleteObjects: 0.017900 ms)

AssetImportParameters requested are different than current active one (requested -> active):
  custom:video-decoder-ogg-theora: a1e56fd34408186e4bbccfd4996cb3dc -> 
  custom:container-muxer-webm: aa71ff27fc2769a1b78a27578f13a17b -> 
  custom:container-demuxer-webm: 4f35f7cbe854078d1ac9338744f61a02 -> 
  custom:video-encoder-webm-vp8: eb34c28f22e8b96e1ab97ce403110664 -> 
  custom:video-codec-MediaFoundation-h265: 746d11721c4dcdbdad8f713fa42b33f4 -> 
  custom:CustomObjectIndexerAttribute: bc11b3a6c3213fcdd17b65e7da85e133 -> 
  custom:audio-encoder-webm-vorbis: bf7c407c2cedff20999df2af8eb42d56 -> 
  custom:framework-win-MediaFoundation: 216162199b28c13a410421893ffa2e32 -> 
  custom:SearchIndexIgnoredProperties: e643bd26f0fe6173181afceb89e7c659 -> 
  custom:container-demuxer-ogg: 62fdf1f143b41e24485cea50d1cbac27 -> 
  custom:video-decoder-webm-vp8: 9c59270c3fd7afecdb556c50c9e8de78 -> 
  custom:audio-decoder-ogg-vorbis: bf7c407c2cedff20999df2af8eb42d56 -> 
========================================================================
Received Import Request.
  Time since last request: 18427.990297 seconds.
  path: Assets/General Materials/ballPhysics.physicMaterial
  artifactKey: Guid(2d6a69e3ddf8d2745b42478b849fb345) Importer(815301076,1909f56bfc062723c751e8b465ee728b)
Number of updated assets reloaded before import = 0
Start importing Assets/General Materials/ballPhysics.physicMaterial using Guid(2d6a69e3ddf8d2745b42478b849fb345) Importer(815301076,1909f56bfc062723c751e8b465ee728b)  -> (artifact id: 'feda598d2614c221ab7b4dd9a2e27af5') in 0.047653 seconds 
Number of asset objects unloaded after import = 1
========================================================================
Received Import Request.
  Time since last request: 19.171972 seconds.
  path: Assets/General Materials/buildingsOne.mat
  artifactKey: Guid(6b395bdbd8419dd4fb9495ce2f2e760f) Importer(815301076,1909f56bfc062723c751e8b465ee728b)
Number of updated assets reloaded before import = 0
Start importing Assets/General Materials/buildingsOne.mat using Guid(6b395bdbd8419dd4fb9495ce2f2e760f) Importer(815301076,1909f56bfc062723c751e8b465ee728b)  -> (artifact id: '7d525040b75d2971f82d1573f58b90f1') in 0.056767 seconds 
Number of asset objects unloaded after import = 1
========================================================================
Received Import Request.
  Time since last request: 40.896400 seconds.
  path: Assets/General Materials/buildingsOne.mat
  artifactKey: Guid(6b395bdbd8419dd4fb9495ce2f2e760f) Importer(815301076,1909f56bfc062723c751e8b465ee728b)
Number of updated assets reloaded before import = 0
Start importing Assets/General Materials/buildingsOne.mat using Guid(6b395bdbd8419dd4fb9495ce2f2e760f) Importer(815301076,1909f56bfc062723c751e8b465ee728b)  -> (artifact id: '12a409b9d89bf38e366c6a850edf29a5') in 0.009726 seconds 
Number of asset objects unloaded after import = 2
========================================================================
Received Prepare
Registering precompiled user dll's ...
Registered in 0.003655 seconds.
Begin MonoManager ReloadAssembly
Native extension for WindowsStandalone target not found
Refreshing native plugins compatible for Editor in 0.46 ms, found 3 plugins.
Preloading 0 native plugins for Editor in 0.00 ms.
log4net:ERROR Error while loading XML configuration
System.Xml.XmlException: Root element is missing.
  at System.Xml.XmlTextReaderImpl.Throw (System.Exception e) [0x00027] in <0e47d6e5abb547ba927c50a2ebe4b19e>:0 
  at System.Xml.XmlTextReaderImpl.ThrowWithoutLineInfo (System.String res) [0x00017] in <0e47d6e5abb547ba927c50a2ebe4b19e>:0 
  at System.Xml.XmlTextReaderImpl.ParseDocumentContent () [0x0035d] in <0e47d6e5abb547ba927c50a2ebe4b19e>:0 
  at System.Xml.XmlTextReaderImpl.Read () [0x0008c] in <0e47d6e5abb547ba927c50a2ebe4b19e>:0 
  at System.Xml.XmlLoader.Load (System.Xml.XmlDocument doc, System.Xml.XmlReader reader, System.Boolean preserveWhitespace) [0x000a6] in <0e47d6e5abb547ba927c50a2ebe4b19e>:0 
  at System.Xml.XmlDocument.Load (System.Xml.XmlReader reader) [0x0002e] in <0e47d6e5abb547ba927c50a2ebe4b19e>:0 
  at log4net.Config.XmlConfigurator.InternalConfigure (log4net.Repository.ILoggerRepository repository, System.IO.Stream configStream) [0x00063] in <e1a77b5dfa0c4a1f8ba616c017f5e0b8>:0 
[Package Manager] Server::EnsureServerProcessIsRunning -- launch failed, reason: Unity was launched with the -noUpm command-line argument
[Package Manager] Cannot connect to Unity Package Manager local server
Mono: successfully reloaded assembly
- Completed reload, in  1.041 seconds
Domain Reload Profiling:
	ReloadAssembly (1041ms)
		BeginReloadAssembly (103ms)
			ExecutionOrderSort (0ms)
			DisableScriptedObjects (3ms)
			BackupInstance (0ms)
			ReleaseScriptingObjects (0ms)
			CreateAndSetChildDomain (24ms)
		EndReloadAssembly (872ms)
			LoadAssemblies (69ms)
			RebuildTransferFunctionScriptingTraits (0ms)
			SetupTypeCache (170ms)
			ReleaseScriptCaches (1ms)
			RebuildScriptCaches (24ms)
			SetupLoadedEditorAssemblies (595ms)
				LogAssemblyErrors (0ms)
				InitializePlatformSupportModulesInManaged (4ms)
				SetLoadedEditorAssemblies (0ms)
				RefreshPlugins (1ms)
				BeforeProcessingInitializeOnLoad (34ms)
				ProcessInitializeOnLoadAttributes (539ms)
				ProcessInitializeOnLoadMethodAttributes (12ms)
				AfterProcessingInitializeOnLoad (6ms)
				EditorAssembliesLoaded (0ms)
			ExecutionOrderSort2 (0ms)
			AwakeInstancesAfterBackupRestoration (4ms)
Platform modules already initialized, skipping
Refreshing native plugins compatible for Editor in 0.28 ms, found 3 plugins.
Preloading 0 native plugins for Editor in 0.00 ms.
Unloading 3460 Unused Serialized files (Serialized files now loaded: 0)
Unloading 20 unused Assets / (21.9 KB). Loaded Objects now: 3991.
Memory consumption went from 129.0 MB to 129.0 MB.
Total: 2.261500 ms (FindLiveObjects: 0.173900 ms CreateObjectMapping: 0.058600 ms MarkObjects: 2.014900 ms  DeleteObjects: 0.013800 ms)

AssetImportParameters requested are different than current active one (requested -> active):
  custom:video-decoder-ogg-theora: a1e56fd34408186e4bbccfd4996cb3dc -> 
  custom:container-muxer-webm: aa71ff27fc2769a1b78a27578f13a17b -> 
  custom:container-demuxer-webm: 4f35f7cbe854078d1ac9338744f61a02 -> 
  custom:video-encoder-webm-vp8: eb34c28f22e8b96e1ab97ce403110664 -> 
  custom:video-codec-MediaFoundation-h265: 746d11721c4dcdbdad8f713fa42b33f4 -> 
  custom:CustomObjectIndexerAttribute: bc11b3a6c3213fcdd17b65e7da85e133 -> 
  custom:audio-encoder-webm-vorbis: bf7c407c2cedff20999df2af8eb42d56 -> 
  custom:framework-win-MediaFoundation: 216162199b28c13a410421893ffa2e32 -> 
  custom:SearchIndexIgnoredProperties: e643bd26f0fe6173181afceb89e7c659 -> 
  custom:container-demuxer-ogg: 62fdf1f143b41e24485cea50d1cbac27 -> 
  custom:video-decoder-webm-vp8: 9c59270c3fd7afecdb556c50c9e8de78 -> 
  custom:audio-decoder-ogg-vorbis: bf7c407c2cedff20999df2af8eb42d56 -> 
========================================================================
Received Prepare
Registering precompiled user dll's ...
Registered in 0.003708 seconds.
Begin MonoManager ReloadAssembly
Native extension for WindowsStandalone target not found
Refreshing native plugins compatible for Editor in 0.50 ms, found 3 plugins.
Preloading 0 native plugins for Editor in 0.00 ms.
log4net:ERROR Error while loading XML configuration
System.Xml.XmlException: Root element is missing.
  at System.Xml.XmlTextReaderImpl.Throw (System.Exception e) [0x00027] in <0e47d6e5abb547ba927c50a2ebe4b19e>:0 
  at System.Xml.XmlTextReaderImpl.ThrowWithoutLineInfo (System.String res) [0x00017] in <0e47d6e5abb547ba927c50a2ebe4b19e>:0 
  at System.Xml.XmlTextReaderImpl.ParseDocumentContent () [0x0035d] in <0e47d6e5abb547ba927c50a2ebe4b19e>:0 
  at System.Xml.XmlTextReaderImpl.Read () [0x0008c] in <0e47d6e5abb547ba927c50a2ebe4b19e>:0 
  at System.Xml.XmlLoader.Load (System.Xml.XmlDocument doc, System.Xml.XmlReader reader, System.Boolean preserveWhitespace) [0x000a6] in <0e47d6e5abb547ba927c50a2ebe4b19e>:0 
  at System.Xml.XmlDocument.Load (System.Xml.XmlReader reader) [0x0002e] in <0e47d6e5abb547ba927c50a2ebe4b19e>:0 
  at log4net.Config.XmlConfigurator.InternalConfigure (log4net.Repository.ILoggerRepository repository, System.IO.Stream configStream) [0x00063] in <e1a77b5dfa0c4a1f8ba616c017f5e0b8>:0 
[Package Manager] Server::EnsureServerProcessIsRunning -- launch failed, reason: Unity was launched with the -noUpm command-line argument
[Package Manager] Cannot connect to Unity Package Manager local server
Mono: successfully reloaded assembly
- Completed reload, in  1.039 seconds
Domain Reload Profiling:
	ReloadAssembly (1039ms)
		BeginReloadAssembly (97ms)
			ExecutionOrderSort (0ms)
			DisableScriptedObjects (3ms)
			BackupInstance (0ms)
			ReleaseScriptingObjects (0ms)
			CreateAndSetChildDomain (24ms)
		EndReloadAssembly (883ms)
			LoadAssemblies (63ms)
			RebuildTransferFunctionScriptingTraits (0ms)
			SetupTypeCache (171ms)
			ReleaseScriptCaches (1ms)
			RebuildScriptCaches (25ms)
			SetupLoadedEditorAssemblies (608ms)
				LogAssemblyErrors (0ms)
				InitializePlatformSupportModulesInManaged (4ms)
				SetLoadedEditorAssemblies (0ms)
				RefreshPlugins (1ms)
				BeforeProcessingInitializeOnLoad (35ms)
				ProcessInitializeOnLoadAttributes (549ms)
				ProcessInitializeOnLoadMethodAttributes (13ms)
				AfterProcessingInitializeOnLoad (6ms)
				EditorAssembliesLoaded (0ms)
			ExecutionOrderSort2 (0ms)
			AwakeInstancesAfterBackupRestoration (4ms)
Platform modules already initialized, skipping
Refreshing native plugins compatible for Editor in 0.26 ms, found 3 plugins.
Preloading 0 native plugins for Editor in 0.00 ms.
Unloading 3460 Unused Serialized files (Serialized files now loaded: 0)
Unloading 20 unused Assets / (21.9 KB). Loaded Objects now: 3994.
Memory consumption went from 129.1 MB to 129.0 MB.
Total: 2.551400 ms (FindLiveObjects: 0.210900 ms CreateObjectMapping: 0.061500 ms MarkObjects: 2.264700 ms  DeleteObjects: 0.013800 ms)

AssetImportParameters requested are different than current active one (requested -> active):
  custom:video-decoder-ogg-theora: a1e56fd34408186e4bbccfd4996cb3dc -> 
  custom:container-muxer-webm: aa71ff27fc2769a1b78a27578f13a17b -> 
  custom:container-demuxer-webm: 4f35f7cbe854078d1ac9338744f61a02 -> 
  custom:video-encoder-webm-vp8: eb34c28f22e8b96e1ab97ce403110664 -> 
  custom:video-codec-MediaFoundation-h265: 746d11721c4dcdbdad8f713fa42b33f4 -> 
  custom:CustomObjectIndexerAttribute: bc11b3a6c3213fcdd17b65e7da85e133 -> 
  custom:audio-encoder-webm-vorbis: bf7c407c2cedff20999df2af8eb42d56 -> 
  custom:framework-win-MediaFoundation: 216162199b28c13a410421893ffa2e32 -> 
  custom:SearchIndexIgnoredProperties: e643bd26f0fe6173181afceb89e7c659 -> 
  custom:container-demuxer-ogg: 62fdf1f143b41e24485cea50d1cbac27 -> 
  custom:video-decoder-webm-vp8: 9c59270c3fd7afecdb556c50c9e8de78 -> 
  custom:audio-decoder-ogg-vorbis: bf7c407c2cedff20999df2af8eb42d56 -> 
========================================================================
Received Prepare
Registering precompiled user dll's ...
Registered in 0.006177 seconds.
Begin MonoManager ReloadAssembly
Native extension for WindowsStandalone target not found
Refreshing native plugins compatible for Editor in 0.37 ms, found 3 plugins.
Preloading 0 native plugins for Editor in 0.00 ms.
log4net:ERROR Error while loading XML configuration
System.Xml.XmlException: Root element is missing.
  at System.Xml.XmlTextReaderImpl.Throw (System.Exception e) [0x00027] in <0e47d6e5abb547ba927c50a2ebe4b19e>:0 
  at System.Xml.XmlTextReaderImpl.ThrowWithoutLineInfo (System.String res) [0x00017] in <0e47d6e5abb547ba927c50a2ebe4b19e>:0 
  at System.Xml.XmlTextReaderImpl.ParseDocumentContent () [0x0035d] in <0e47d6e5abb547ba927c50a2ebe4b19e>:0 
  at System.Xml.XmlTextReaderImpl.Read () [0x0008c] in <0e47d6e5abb547ba927c50a2ebe4b19e>:0 
  at System.Xml.XmlLoader.Load (System.Xml.XmlDocument doc, System.Xml.XmlReader reader, System.Boolean preserveWhitespace) [0x000a6] in <0e47d6e5abb547ba927c50a2ebe4b19e>:0 
  at System.Xml.XmlDocument.Load (System.Xml.XmlReader reader) [0x0002e] in <0e47d6e5abb547ba927c50a2ebe4b19e>:0 
  at log4net.Config.XmlConfigurator.InternalConfigure (log4net.Repository.ILoggerRepository repository, System.IO.Stream configStream) [0x00063] in <e1a77b5dfa0c4a1f8ba616c017f5e0b8>:0 
[Package Manager] Server::EnsureServerProcessIsRunning -- launch failed, reason: Unity was launched with the -noUpm command-line argument
[Package Manager] Cannot connect to Unity Package Manager local server
Mono: successfully reloaded assembly
- Completed reload, in  1.013 seconds
Domain Reload Profiling:
	ReloadAssembly (1013ms)
		BeginReloadAssembly (121ms)
			ExecutionOrderSort (0ms)
			DisableScriptedObjects (4ms)
			BackupInstance (0ms)
			ReleaseScriptingObjects (0ms)
			CreateAndSetChildDomain (29ms)
		EndReloadAssembly (817ms)
			LoadAssemblies (78ms)
			RebuildTransferFunctionScriptingTraits (0ms)
			SetupTypeCache (149ms)
			ReleaseScriptCaches (1ms)
			RebuildScriptCaches (22ms)
			SetupLoadedEditorAssemblies (570ms)
				LogAssemblyErrors (0ms)
				InitializePlatformSupportModulesInManaged (3ms)
				SetLoadedEditorAssemblies (0ms)
				RefreshPlugins (0ms)
				BeforeProcessingInitializeOnLoad (29ms)
				ProcessInitializeOnLoadAttributes (521ms)
				ProcessInitializeOnLoadMethodAttributes (11ms)
				AfterProcessingInitializeOnLoad (5ms)
				EditorAssembliesLoaded (0ms)
			ExecutionOrderSort2 (0ms)
			AwakeInstancesAfterBackupRestoration (4ms)
Platform modules already initialized, skipping
Refreshing native plugins compatible for Editor in 0.38 ms, found 3 plugins.
Preloading 0 native plugins for Editor in 0.00 ms.
Unloading 3460 Unused Serialized files (Serialized files now loaded: 0)
Unloading 20 unused Assets / (21.9 KB). Loaded Objects now: 3997.
Memory consumption went from 129.1 MB to 129.0 MB.
Total: 2.295800 ms (FindLiveObjects: 0.200800 ms CreateObjectMapping: 0.062500 ms MarkObjects: 2.011300 ms  DeleteObjects: 0.020600 ms)

AssetImportParameters requested are different than current active one (requested -> active):
  custom:video-decoder-ogg-theora: a1e56fd34408186e4bbccfd4996cb3dc -> 
  custom:container-muxer-webm: aa71ff27fc2769a1b78a27578f13a17b -> 
  custom:container-demuxer-webm: 4f35f7cbe854078d1ac9338744f61a02 -> 
  custom:video-encoder-webm-vp8: eb34c28f22e8b96e1ab97ce403110664 -> 
  custom:video-codec-MediaFoundation-h265: 746d11721c4dcdbdad8f713fa42b33f4 -> 
  custom:CustomObjectIndexerAttribute: bc11b3a6c3213fcdd17b65e7da85e133 -> 
  custom:audio-encoder-webm-vorbis: bf7c407c2cedff20999df2af8eb42d56 -> 
  custom:framework-win-MediaFoundation: 216162199b28c13a410421893ffa2e32 -> 
  custom:SearchIndexIgnoredProperties: e643bd26f0fe6173181afceb89e7c659 -> 
  custom:container-demuxer-ogg: 62fdf1f143b41e24485cea50d1cbac27 -> 
  custom:video-decoder-webm-vp8: 9c59270c3fd7afecdb556c50c9e8de78 -> 
  custom:audio-decoder-ogg-vorbis: bf7c407c2cedff20999df2af8eb42d56 -> 
========================================================================
Received Prepare
Registering precompiled user dll's ...
Registered in 0.003836 seconds.
Begin MonoManager ReloadAssembly
Native extension for WindowsStandalone target not found
Refreshing native plugins compatible for Editor in 0.39 ms, found 3 plugins.
Preloading 0 native plugins for Editor in 0.00 ms.
log4net:ERROR Error while loading XML configuration
System.Xml.XmlException: Root element is missing.
  at System.Xml.XmlTextReaderImpl.Throw (System.Exception e) [0x00027] in <0e47d6e5abb547ba927c50a2ebe4b19e>:0 
  at System.Xml.XmlTextReaderImpl.ThrowWithoutLineInfo (System.String res) [0x00017] in <0e47d6e5abb547ba927c50a2ebe4b19e>:0 
  at System.Xml.XmlTextReaderImpl.ParseDocumentContent () [0x0035d] in <0e47d6e5abb547ba927c50a2ebe4b19e>:0 
  at System.Xml.XmlTextReaderImpl.Read () [0x0008c] in <0e47d6e5abb547ba927c50a2ebe4b19e>:0 
  at System.Xml.XmlLoader.Load (System.Xml.XmlDocument doc, System.Xml.XmlReader reader, System.Boolean preserveWhitespace) [0x000a6] in <0e47d6e5abb547ba927c50a2ebe4b19e>:0 
  at System.Xml.XmlDocument.Load (System.Xml.XmlReader reader) [0x0002e] in <0e47d6e5abb547ba927c50a2ebe4b19e>:0 
  at log4net.Config.XmlConfigurator.InternalConfigure (log4net.Repository.ILoggerRepository repository, System.IO.Stream configStream) [0x00063] in <e1a77b5dfa0c4a1f8ba616c017f5e0b8>:0 
[Package Manager] Server::EnsureServerProcessIsRunning -- launch failed, reason: Unity was launched with the -noUpm command-line argument
[Package Manager] Cannot connect to Unity Package Manager local server
Mono: successfully reloaded assembly
- Completed reload, in  1.036 seconds
Domain Reload Profiling:
	ReloadAssembly (1036ms)
		BeginReloadAssembly (97ms)
			ExecutionOrderSort (0ms)
			DisableScriptedObjects (3ms)
			BackupInstance (0ms)
			ReleaseScriptingObjects (0ms)
			CreateAndSetChildDomain (23ms)
		EndReloadAssembly (879ms)
			LoadAssemblies (63ms)
			RebuildTransferFunctionScriptingTraits (0ms)
			SetupTypeCache (170ms)
			ReleaseScriptCaches (1ms)
			RebuildScriptCaches (24ms)
			SetupLoadedEditorAssemblies (605ms)
				LogAssemblyErrors (0ms)
				InitializePlatformSupportModulesInManaged (4ms)
				SetLoadedEditorAssemblies (0ms)
				RefreshPlugins (0ms)
				BeforeProcessingInitializeOnLoad (34ms)
				ProcessInitializeOnLoadAttributes (547ms)
				ProcessInitializeOnLoadMethodAttributes (13ms)
				AfterProcessingInitializeOnLoad (6ms)
				EditorAssembliesLoaded (0ms)
			ExecutionOrderSort2 (0ms)
			AwakeInstancesAfterBackupRestoration (4ms)
Platform modules already initialized, skipping
Refreshing native plugins compatible for Editor in 0.34 ms, found 3 plugins.
Preloading 0 native plugins for Editor in 0.00 ms.
Unloading 3460 Unused Serialized files (Serialized files now loaded: 0)
Unloading 20 unused Assets / (22.1 KB). Loaded Objects now: 4000.
Memory consumption went from 129.1 MB to 129.0 MB.
Total: 2.245600 ms (FindLiveObjects: 0.183800 ms CreateObjectMapping: 0.061600 ms MarkObjects: 1.986200 ms  DeleteObjects: 0.013600 ms)

AssetImportParameters requested are different than current active one (requested -> active):
  custom:video-decoder-ogg-theora: a1e56fd34408186e4bbccfd4996cb3dc -> 
  custom:container-muxer-webm: aa71ff27fc2769a1b78a27578f13a17b -> 
  custom:container-demuxer-webm: 4f35f7cbe854078d1ac9338744f61a02 -> 
  custom:video-encoder-webm-vp8: eb34c28f22e8b96e1ab97ce403110664 -> 
  custom:video-codec-MediaFoundation-h265: 746d11721c4dcdbdad8f713fa42b33f4 -> 
  custom:CustomObjectIndexerAttribute: bc11b3a6c3213fcdd17b65e7da85e133 -> 
  custom:audio-encoder-webm-vorbis: bf7c407c2cedff20999df2af8eb42d56 -> 
  custom:framework-win-MediaFoundation: 216162199b28c13a410421893ffa2e32 -> 
  custom:SearchIndexIgnoredProperties: e643bd26f0fe6173181afceb89e7c659 -> 
  custom:container-demuxer-ogg: 62fdf1f143b41e24485cea50d1cbac27 -> 
  custom:video-decoder-webm-vp8: 9c59270c3fd7afecdb556c50c9e8de78 -> 
  custom:audio-decoder-ogg-vorbis: bf7c407c2cedff20999df2af8eb42d56 -> 
========================================================================
Received Prepare
Registering precompiled user dll's ...
Registered in 0.005362 seconds.
Begin MonoManager ReloadAssembly
Native extension for WindowsStandalone target not found
Refreshing native plugins compatible for Editor in 0.56 ms, found 3 plugins.
Preloading 0 native plugins for Editor in 0.00 ms.
log4net:ERROR Error while loading XML configuration
System.Xml.XmlException: Root element is missing.
  at System.Xml.XmlTextReaderImpl.Throw (System.Exception e) [0x00027] in <0e47d6e5abb547ba927c50a2ebe4b19e>:0 
  at System.Xml.XmlTextReaderImpl.ThrowWithoutLineInfo (System.String res) [0x00017] in <0e47d6e5abb547ba927c50a2ebe4b19e>:0 
  at System.Xml.XmlTextReaderImpl.ParseDocumentContent () [0x0035d] in <0e47d6e5abb547ba927c50a2ebe4b19e>:0 
  at System.Xml.XmlTextReaderImpl.Read () [0x0008c] in <0e47d6e5abb547ba927c50a2ebe4b19e>:0 
  at System.Xml.XmlLoader.Load (System.Xml.XmlDocument doc, System.Xml.XmlReader reader, System.Boolean preserveWhitespace) [0x000a6] in <0e47d6e5abb547ba927c50a2ebe4b19e>:0 
  at System.Xml.XmlDocument.Load (System.Xml.XmlReader reader) [0x0002e] in <0e47d6e5abb547ba927c50a2ebe4b19e>:0 
  at log4net.Config.XmlConfigurator.InternalConfigure (log4net.Repository.ILoggerRepository repository, System.IO.Stream configStream) [0x00063] in <e1a77b5dfa0c4a1f8ba616c017f5e0b8>:0 
[Package Manager] Server::EnsureServerProcessIsRunning -- launch failed, reason: Unity was launched with the -noUpm command-line argument
[Package Manager] Cannot connect to Unity Package Manager local server
Mono: successfully reloaded assembly
- Completed reload, in  1.152 seconds
Domain Reload Profiling:
	ReloadAssembly (1153ms)
		BeginReloadAssembly (121ms)
			ExecutionOrderSort (0ms)
			DisableScriptedObjects (4ms)
			BackupInstance (0ms)
			ReleaseScriptingObjects (0ms)
			CreateAndSetChildDomain (28ms)
		EndReloadAssembly (959ms)
			LoadAssemblies (78ms)
			RebuildTransferFunctionScriptingTraits (0ms)
			SetupTypeCache (200ms)
			ReleaseScriptCaches (1ms)
			RebuildScriptCaches (29ms)
			SetupLoadedEditorAssemblies (635ms)
				LogAssemblyErrors (0ms)
				InitializePlatformSupportModulesInManaged (4ms)
				SetLoadedEditorAssemblies (0ms)
				RefreshPlugins (1ms)
				BeforeProcessingInitializeOnLoad (44ms)
				ProcessInitializeOnLoadAttributes (565ms)
				ProcessInitializeOnLoadMethodAttributes (15ms)
				AfterProcessingInitializeOnLoad (5ms)
				EditorAssembliesLoaded (0ms)
			ExecutionOrderSort2 (0ms)
			AwakeInstancesAfterBackupRestoration (5ms)
Platform modules already initialized, skipping
Refreshing native plugins compatible for Editor in 0.39 ms, found 3 plugins.
Preloading 0 native plugins for Editor in 0.00 ms.
Unloading 3460 Unused Serialized files (Serialized files now loaded: 0)
Unloading 20 unused Assets / (22.0 KB). Loaded Objects now: 4003.
Memory consumption went from 129.1 MB to 129.1 MB.
Total: 2.474300 ms (FindLiveObjects: 0.209600 ms CreateObjectMapping: 0.067400 ms MarkObjects: 2.182200 ms  DeleteObjects: 0.014600 ms)

AssetImportParameters requested are different than current active one (requested -> active):
  custom:video-decoder-ogg-theora: a1e56fd34408186e4bbccfd4996cb3dc -> 
  custom:container-muxer-webm: aa71ff27fc2769a1b78a27578f13a17b -> 
  custom:container-demuxer-webm: 4f35f7cbe854078d1ac9338744f61a02 -> 
  custom:video-encoder-webm-vp8: eb34c28f22e8b96e1ab97ce403110664 -> 
  custom:video-codec-MediaFoundation-h265: 746d11721c4dcdbdad8f713fa42b33f4 -> 
  custom:CustomObjectIndexerAttribute: bc11b3a6c3213fcdd17b65e7da85e133 -> 
  custom:audio-encoder-webm-vorbis: bf7c407c2cedff20999df2af8eb42d56 -> 
  custom:framework-win-MediaFoundation: 216162199b28c13a410421893ffa2e32 -> 
  custom:SearchIndexIgnoredProperties: e643bd26f0fe6173181afceb89e7c659 -> 
  custom:container-demuxer-ogg: 62fdf1f143b41e24485cea50d1cbac27 -> 
  custom:video-decoder-webm-vp8: 9c59270c3fd7afecdb556c50c9e8de78 -> 
  custom:audio-decoder-ogg-vorbis: bf7c407c2cedff20999df2af8eb42d56 -> 
========================================================================
Received Prepare
Registering precompiled user dll's ...
Registered in 0.004777 seconds.
Begin MonoManager ReloadAssembly
Native extension for WindowsStandalone target not found
Refreshing native plugins compatible for Editor in 0.48 ms, found 3 plugins.
Preloading 0 native plugins for Editor in 0.00 ms.
log4net:ERROR Error while loading XML configuration
System.Xml.XmlException: Root element is missing.
  at System.Xml.XmlTextReaderImpl.Throw (System.Exception e) [0x00027] in <0e47d6e5abb547ba927c50a2ebe4b19e>:0 
  at System.Xml.XmlTextReaderImpl.ThrowWithoutLineInfo (System.String res) [0x00017] in <0e47d6e5abb547ba927c50a2ebe4b19e>:0 
  at System.Xml.XmlTextReaderImpl.ParseDocumentContent () [0x0035d] in <0e47d6e5abb547ba927c50a2ebe4b19e>:0 
  at System.Xml.XmlTextReaderImpl.Read () [0x0008c] in <0e47d6e5abb547ba927c50a2ebe4b19e>:0 
  at System.Xml.XmlLoader.Load (System.Xml.XmlDocument doc, System.Xml.XmlReader reader, System.Boolean preserveWhitespace) [0x000a6] in <0e47d6e5abb547ba927c50a2ebe4b19e>:0 
  at System.Xml.XmlDocument.Load (System.Xml.XmlReader reader) [0x0002e] in <0e47d6e5abb547ba927c50a2ebe4b19e>:0 
  at log4net.Config.XmlConfigurator.InternalConfigure (log4net.Repository.ILoggerRepository repository, System.IO.Stream configStream) [0x00063] in <e1a77b5dfa0c4a1f8ba616c017f5e0b8>:0 
[Package Manager] Server::EnsureServerProcessIsRunning -- launch failed, reason: Unity was launched with the -noUpm command-line argument
[Package Manager] Cannot connect to Unity Package Manager local server
Mono: successfully reloaded assembly
- Completed reload, in  1.240 seconds
Domain Reload Profiling:
	ReloadAssembly (1241ms)
		BeginReloadAssembly (125ms)
			ExecutionOrderSort (0ms)
			DisableScriptedObjects (5ms)
			BackupInstance (0ms)
			ReleaseScriptingObjects (0ms)
			CreateAndSetChildDomain (27ms)
		EndReloadAssembly (1040ms)
			LoadAssemblies (80ms)
			RebuildTransferFunctionScriptingTraits (0ms)
			SetupTypeCache (222ms)
			ReleaseScriptCaches (1ms)
			RebuildScriptCaches (35ms)
			SetupLoadedEditorAssemblies (680ms)
				LogAssemblyErrors (0ms)
				InitializePlatformSupportModulesInManaged (4ms)
				SetLoadedEditorAssemblies (0ms)
				RefreshPlugins (1ms)
				BeforeProcessingInitializeOnLoad (46ms)
				ProcessInitializeOnLoadAttributes (607ms)
				ProcessInitializeOnLoadMethodAttributes (16ms)
				AfterProcessingInitializeOnLoad (6ms)
				EditorAssembliesLoaded (0ms)
			ExecutionOrderSort2 (0ms)
			AwakeInstancesAfterBackupRestoration (5ms)
Platform modules already initialized, skipping
Refreshing native plugins compatible for Editor in 0.38 ms, found 3 plugins.
Preloading 0 native plugins for Editor in 0.00 ms.
Unloading 3460 Unused Serialized files (Serialized files now loaded: 0)
Unloading 20 unused Assets / (21.9 KB). Loaded Objects now: 4006.
Memory consumption went from 129.1 MB to 129.1 MB.
Total: 2.753000 ms (FindLiveObjects: 0.178100 ms CreateObjectMapping: 0.056800 ms MarkObjects: 2.498000 ms  DeleteObjects: 0.019600 ms)

AssetImportParameters requested are different than current active one (requested -> active):
  custom:video-decoder-ogg-theora: a1e56fd34408186e4bbccfd4996cb3dc -> 
  custom:container-muxer-webm: aa71ff27fc2769a1b78a27578f13a17b -> 
  custom:container-demuxer-webm: 4f35f7cbe854078d1ac9338744f61a02 -> 
  custom:video-encoder-webm-vp8: eb34c28f22e8b96e1ab97ce403110664 -> 
  custom:video-codec-MediaFoundation-h265: 746d11721c4dcdbdad8f713fa42b33f4 -> 
  custom:CustomObjectIndexerAttribute: bc11b3a6c3213fcdd17b65e7da85e133 -> 
  custom:audio-encoder-webm-vorbis: bf7c407c2cedff20999df2af8eb42d56 -> 
  custom:framework-win-MediaFoundation: 216162199b28c13a410421893ffa2e32 -> 
  custom:SearchIndexIgnoredProperties: e643bd26f0fe6173181afceb89e7c659 -> 
  custom:container-demuxer-ogg: 62fdf1f143b41e24485cea50d1cbac27 -> 
  custom:video-decoder-webm-vp8: 9c59270c3fd7afecdb556c50c9e8de78 -> 
  custom:audio-decoder-ogg-vorbis: bf7c407c2cedff20999df2af8eb42d56 -> 
========================================================================
Received Prepare
Registering precompiled user dll's ...
Registered in 0.003826 seconds.
Begin MonoManager ReloadAssembly
Native extension for WindowsStandalone target not found
Refreshing native plugins compatible for Editor in 0.55 ms, found 3 plugins.
Preloading 0 native plugins for Editor in 0.00 ms.
log4net:ERROR Error while loading XML configuration
System.Xml.XmlException: Root element is missing.
  at System.Xml.XmlTextReaderImpl.Throw (System.Exception e) [0x00027] in <0e47d6e5abb547ba927c50a2ebe4b19e>:0 
  at System.Xml.XmlTextReaderImpl.ThrowWithoutLineInfo (System.String res) [0x00017] in <0e47d6e5abb547ba927c50a2ebe4b19e>:0 
  at System.Xml.XmlTextReaderImpl.ParseDocumentContent () [0x0035d] in <0e47d6e5abb547ba927c50a2ebe4b19e>:0 
  at System.Xml.XmlTextReaderImpl.Read () [0x0008c] in <0e47d6e5abb547ba927c50a2ebe4b19e>:0 
  at System.Xml.XmlLoader.Load (System.Xml.XmlDocument doc, System.Xml.XmlReader reader, System.Boolean preserveWhitespace) [0x000a6] in <0e47d6e5abb547ba927c50a2ebe4b19e>:0 
  at System.Xml.XmlDocument.Load (System.Xml.XmlReader reader) [0x0002e] in <0e47d6e5abb547ba927c50a2ebe4b19e>:0 
  at log4net.Config.XmlConfigurator.InternalConfigure (log4net.Repository.ILoggerRepository repository, System.IO.Stream configStream) [0x00063] in <e1a77b5dfa0c4a1f8ba616c017f5e0b8>:0 
[Package Manager] Server::EnsureServerProcessIsRunning -- launch failed, reason: Unity was launched with the -noUpm command-line argument
[Package Manager] Cannot connect to Unity Package Manager local server
Mono: successfully reloaded assembly
- Completed reload, in  1.018 seconds
Domain Reload Profiling:
	ReloadAssembly (1018ms)
		BeginReloadAssembly (96ms)
			ExecutionOrderSort (0ms)
			DisableScriptedObjects (3ms)
			BackupInstance (0ms)
			ReleaseScriptingObjects (0ms)
			CreateAndSetChildDomain (22ms)
		EndReloadAssembly (865ms)
			LoadAssemblies (60ms)
			RebuildTransferFunctionScriptingTraits (0ms)
			SetupTypeCache (169ms)
			ReleaseScriptCaches (1ms)
			RebuildScriptCaches (25ms)
			SetupLoadedEditorAssemblies (594ms)
				LogAssemblyErrors (0ms)
				InitializePlatformSupportModulesInManaged (4ms)
				SetLoadedEditorAssemblies (0ms)
				RefreshPlugins (1ms)
				BeforeProcessingInitializeOnLoad (34ms)
				ProcessInitializeOnLoadAttributes (538ms)
				ProcessInitializeOnLoadMethodAttributes (12ms)
				AfterProcessingInitializeOnLoad (6ms)
				EditorAssembliesLoaded (0ms)
			ExecutionOrderSort2 (0ms)
			AwakeInstancesAfterBackupRestoration (4ms)
Platform modules already initialized, skipping
Refreshing native plugins compatible for Editor in 0.36 ms, found 3 plugins.
Preloading 0 native plugins for Editor in 0.00 ms.
Unloading 3460 Unused Serialized files (Serialized files now loaded: 0)
Unloading 20 unused Assets / (21.9 KB). Loaded Objects now: 4009.
Memory consumption went from 129.1 MB to 129.1 MB.
Total: 2.297200 ms (FindLiveObjects: 0.183400 ms CreateObjectMapping: 0.056200 ms MarkObjects: 2.041900 ms  DeleteObjects: 0.015300 ms)

AssetImportParameters requested are different than current active one (requested -> active):
  custom:video-decoder-ogg-theora: a1e56fd34408186e4bbccfd4996cb3dc -> 
  custom:container-muxer-webm: aa71ff27fc2769a1b78a27578f13a17b -> 
  custom:container-demuxer-webm: 4f35f7cbe854078d1ac9338744f61a02 -> 
  custom:video-encoder-webm-vp8: eb34c28f22e8b96e1ab97ce403110664 -> 
  custom:video-codec-MediaFoundation-h265: 746d11721c4dcdbdad8f713fa42b33f4 -> 
  custom:CustomObjectIndexerAttribute: bc11b3a6c3213fcdd17b65e7da85e133 -> 
  custom:audio-encoder-webm-vorbis: bf7c407c2cedff20999df2af8eb42d56 -> 
  custom:framework-win-MediaFoundation: 216162199b28c13a410421893ffa2e32 -> 
  custom:SearchIndexIgnoredProperties: e643bd26f0fe6173181afceb89e7c659 -> 
  custom:container-demuxer-ogg: 62fdf1f143b41e24485cea50d1cbac27 -> 
  custom:video-decoder-webm-vp8: 9c59270c3fd7afecdb556c50c9e8de78 -> 
  custom:audio-decoder-ogg-vorbis: bf7c407c2cedff20999df2af8eb42d56 -> 
========================================================================
Received Prepare
Registering precompiled user dll's ...
Registered in 0.006328 seconds.
Begin MonoManager ReloadAssembly
Native extension for WindowsStandalone target not found
Refreshing native plugins compatible for Editor in 0.67 ms, found 3 plugins.
Preloading 0 native plugins for Editor in 0.00 ms.
log4net:ERROR Error while loading XML configuration
System.Xml.XmlException: Root element is missing.
  at System.Xml.XmlTextReaderImpl.Throw (System.Exception e) [0x00027] in <0e47d6e5abb547ba927c50a2ebe4b19e>:0 
  at System.Xml.XmlTextReaderImpl.ThrowWithoutLineInfo (System.String res) [0x00017] in <0e47d6e5abb547ba927c50a2ebe4b19e>:0 
  at System.Xml.XmlTextReaderImpl.ParseDocumentContent () [0x0035d] in <0e47d6e5abb547ba927c50a2ebe4b19e>:0 
  at System.Xml.XmlTextReaderImpl.Read () [0x0008c] in <0e47d6e5abb547ba927c50a2ebe4b19e>:0 
  at System.Xml.XmlLoader.Load (System.Xml.XmlDocument doc, System.Xml.XmlReader reader, System.Boolean preserveWhitespace) [0x000a6] in <0e47d6e5abb547ba927c50a2ebe4b19e>:0 
  at System.Xml.XmlDocument.Load (System.Xml.XmlReader reader) [0x0002e] in <0e47d6e5abb547ba927c50a2ebe4b19e>:0 
  at log4net.Config.XmlConfigurator.InternalConfigure (log4net.Repository.ILoggerRepository repository, System.IO.Stream configStream) [0x00063] in <e1a77b5dfa0c4a1f8ba616c017f5e0b8>:0 
[Package Manager] Server::EnsureServerProcessIsRunning -- launch failed, reason: Unity was launched with the -noUpm command-line argument
[Package Manager] Cannot connect to Unity Package Manager local server
Mono: successfully reloaded assembly
- Completed reload, in  1.110 seconds
Domain Reload Profiling:
	ReloadAssembly (1110ms)
		BeginReloadAssembly (113ms)
			ExecutionOrderSort (0ms)
			DisableScriptedObjects (3ms)
			BackupInstance (0ms)
			ReleaseScriptingObjects (0ms)
			CreateAndSetChildDomain (26ms)
		EndReloadAssembly (922ms)
			LoadAssemblies (72ms)
			RebuildTransferFunctionScriptingTraits (0ms)
			SetupTypeCache (188ms)
			ReleaseScriptCaches (1ms)
			RebuildScriptCaches (30ms)
			SetupLoadedEditorAssemblies (622ms)
				LogAssemblyErrors (0ms)
				InitializePlatformSupportModulesInManaged (5ms)
				SetLoadedEditorAssemblies (0ms)
				RefreshPlugins (1ms)
				BeforeProcessingInitializeOnLoad (38ms)
				ProcessInitializeOnLoadAttributes (559ms)
				ProcessInitializeOnLoadMethodAttributes (12ms)
				AfterProcessingInitializeOnLoad (8ms)
				EditorAssembliesLoaded (0ms)
			ExecutionOrderSort2 (0ms)
			AwakeInstancesAfterBackupRestoration (4ms)
Platform modules already initialized, skipping
Refreshing native plugins compatible for Editor in 0.41 ms, found 3 plugins.
Preloading 0 native plugins for Editor in 0.00 ms.
Unloading 3460 Unused Serialized files (Serialized files now loaded: 0)
Unloading 20 unused Assets / (22.0 KB). Loaded Objects now: 4012.
Memory consumption went from 129.1 MB to 129.1 MB.
Total: 2.361300 ms (FindLiveObjects: 0.259000 ms CreateObjectMapping: 0.124900 ms MarkObjects: 1.962500 ms  DeleteObjects: 0.014400 ms)

AssetImportParameters requested are different than current active one (requested -> active):
  custom:video-decoder-ogg-theora: a1e56fd34408186e4bbccfd4996cb3dc -> 
  custom:container-muxer-webm: aa71ff27fc2769a1b78a27578f13a17b -> 
  custom:container-demuxer-webm: 4f35f7cbe854078d1ac9338744f61a02 -> 
  custom:video-encoder-webm-vp8: eb34c28f22e8b96e1ab97ce403110664 -> 
  custom:video-codec-MediaFoundation-h265: 746d11721c4dcdbdad8f713fa42b33f4 -> 
  custom:CustomObjectIndexerAttribute: bc11b3a6c3213fcdd17b65e7da85e133 -> 
  custom:audio-encoder-webm-vorbis: bf7c407c2cedff20999df2af8eb42d56 -> 
  custom:framework-win-MediaFoundation: 216162199b28c13a410421893ffa2e32 -> 
  custom:SearchIndexIgnoredProperties: e643bd26f0fe6173181afceb89e7c659 -> 
  custom:container-demuxer-ogg: 62fdf1f143b41e24485cea50d1cbac27 -> 
  custom:video-decoder-webm-vp8: 9c59270c3fd7afecdb556c50c9e8de78 -> 
  custom:audio-decoder-ogg-vorbis: bf7c407c2cedff20999df2af8eb42d56 -> 
========================================================================
Received Prepare
Registering precompiled user dll's ...
Registered in 0.006876 seconds.
Begin MonoManager ReloadAssembly
Native extension for WindowsStandalone target not found
Refreshing native plugins compatible for Editor in 0.40 ms, found 3 plugins.
Preloading 0 native plugins for Editor in 0.00 ms.
log4net:ERROR Error while loading XML configuration
System.Xml.XmlException: Root element is missing.
  at System.Xml.XmlTextReaderImpl.Throw (System.Exception e) [0x00027] in <0e47d6e5abb547ba927c50a2ebe4b19e>:0 
  at System.Xml.XmlTextReaderImpl.ThrowWithoutLineInfo (System.String res) [0x00017] in <0e47d6e5abb547ba927c50a2ebe4b19e>:0 
  at System.Xml.XmlTextReaderImpl.ParseDocumentContent () [0x0035d] in <0e47d6e5abb547ba927c50a2ebe4b19e>:0 
  at System.Xml.XmlTextReaderImpl.Read () [0x0008c] in <0e47d6e5abb547ba927c50a2ebe4b19e>:0 
  at System.Xml.XmlLoader.Load (System.Xml.XmlDocument doc, System.Xml.XmlReader reader, System.Boolean preserveWhitespace) [0x000a6] in <0e47d6e5abb547ba927c50a2ebe4b19e>:0 
  at System.Xml.XmlDocument.Load (System.Xml.XmlReader reader) [0x0002e] in <0e47d6e5abb547ba927c50a2ebe4b19e>:0 
  at log4net.Config.XmlConfigurator.InternalConfigure (log4net.Repository.ILoggerRepository repository, System.IO.Stream configStream) [0x00063] in <e1a77b5dfa0c4a1f8ba616c017f5e0b8>:0 
[Package Manager] Server::EnsureServerProcessIsRunning -- launch failed, reason: Unity was launched with the -noUpm command-line argument
[Package Manager] Cannot connect to Unity Package Manager local server
Mono: successfully reloaded assembly
- Completed reload, in  0.972 seconds
Domain Reload Profiling:
	ReloadAssembly (972ms)
		BeginReloadAssembly (103ms)
			ExecutionOrderSort (0ms)
			DisableScriptedObjects (4ms)
			BackupInstance (0ms)
			ReleaseScriptingObjects (0ms)
			CreateAndSetChildDomain (24ms)
		EndReloadAssembly (808ms)
			LoadAssemblies (68ms)
			RebuildTransferFunctionScriptingTraits (0ms)
			SetupTypeCache (155ms)
			ReleaseScriptCaches (1ms)
			RebuildScriptCaches (21ms)
			SetupLoadedEditorAssemblies (560ms)
				LogAssemblyErrors (0ms)
				InitializePlatformSupportModulesInManaged (4ms)
				SetLoadedEditorAssemblies (0ms)
				RefreshPlugins (0ms)
				BeforeProcessingInitializeOnLoad (30ms)
				ProcessInitializeOnLoadAttributes (510ms)
				ProcessInitializeOnLoadMethodAttributes (11ms)
				AfterProcessingInitializeOnLoad (5ms)
				EditorAssembliesLoaded (0ms)
			ExecutionOrderSort2 (0ms)
			AwakeInstancesAfterBackupRestoration (4ms)
Platform modules already initialized, skipping
Refreshing native plugins compatible for Editor in 0.33 ms, found 3 plugins.
Preloading 0 native plugins for Editor in 0.00 ms.
Unloading 3460 Unused Serialized files (Serialized files now loaded: 0)
Unloading 20 unused Assets / (21.9 KB). Loaded Objects now: 4015.
Memory consumption went from 129.1 MB to 129.1 MB.
Total: 2.347200 ms (FindLiveObjects: 0.198600 ms CreateObjectMapping: 0.058400 ms MarkObjects: 2.074600 ms  DeleteObjects: 0.015100 ms)

AssetImportParameters requested are different than current active one (requested -> active):
  custom:video-decoder-ogg-theora: a1e56fd34408186e4bbccfd4996cb3dc -> 
  custom:container-muxer-webm: aa71ff27fc2769a1b78a27578f13a17b -> 
  custom:container-demuxer-webm: 4f35f7cbe854078d1ac9338744f61a02 -> 
  custom:video-encoder-webm-vp8: eb34c28f22e8b96e1ab97ce403110664 -> 
  custom:video-codec-MediaFoundation-h265: 746d11721c4dcdbdad8f713fa42b33f4 -> 
  custom:CustomObjectIndexerAttribute: bc11b3a6c3213fcdd17b65e7da85e133 -> 
  custom:audio-encoder-webm-vorbis: bf7c407c2cedff20999df2af8eb42d56 -> 
  custom:framework-win-MediaFoundation: 216162199b28c13a410421893ffa2e32 -> 
  custom:SearchIndexIgnoredProperties: e643bd26f0fe6173181afceb89e7c659 -> 
  custom:container-demuxer-ogg: 62fdf1f143b41e24485cea50d1cbac27 -> 
  custom:video-decoder-webm-vp8: 9c59270c3fd7afecdb556c50c9e8de78 -> 
  custom:audio-decoder-ogg-vorbis: bf7c407c2cedff20999df2af8eb42d56 -> 
========================================================================
Received Prepare
Registering precompiled user dll's ...
Registered in 0.004432 seconds.
Begin MonoManager ReloadAssembly
Native extension for WindowsStandalone target not found
Refreshing native plugins compatible for Editor in 0.53 ms, found 3 plugins.
Preloading 0 native plugins for Editor in 0.00 ms.
log4net:ERROR Error while loading XML configuration
System.Xml.XmlException: Root element is missing.
  at System.Xml.XmlTextReaderImpl.Throw (System.Exception e) [0x00027] in <0e47d6e5abb547ba927c50a2ebe4b19e>:0 
  at System.Xml.XmlTextReaderImpl.ThrowWithoutLineInfo (System.String res) [0x00017] in <0e47d6e5abb547ba927c50a2ebe4b19e>:0 
  at System.Xml.XmlTextReaderImpl.ParseDocumentContent () [0x0035d] in <0e47d6e5abb547ba927c50a2ebe4b19e>:0 
  at System.Xml.XmlTextReaderImpl.Read () [0x0008c] in <0e47d6e5abb547ba927c50a2ebe4b19e>:0 
  at System.Xml.XmlLoader.Load (System.Xml.XmlDocument doc, System.Xml.XmlReader reader, System.Boolean preserveWhitespace) [0x000a6] in <0e47d6e5abb547ba927c50a2ebe4b19e>:0 
  at System.Xml.XmlDocument.Load (System.Xml.XmlReader reader) [0x0002e] in <0e47d6e5abb547ba927c50a2ebe4b19e>:0 
  at log4net.Config.XmlConfigurator.InternalConfigure (log4net.Repository.ILoggerRepository repository, System.IO.Stream configStream) [0x00063] in <e1a77b5dfa0c4a1f8ba616c017f5e0b8>:0 
[Package Manager] Server::EnsureServerProcessIsRunning -- launch failed, reason: Unity was launched with the -noUpm command-line argument
[Package Manager] Cannot connect to Unity Package Manager local server
Mono: successfully reloaded assembly
- Completed reload, in  1.035 seconds
Domain Reload Profiling:
	ReloadAssembly (1035ms)
		BeginReloadAssembly (97ms)
			ExecutionOrderSort (0ms)
			DisableScriptedObjects (3ms)
			BackupInstance (0ms)
			ReleaseScriptingObjects (0ms)
			CreateAndSetChildDomain (23ms)
		EndReloadAssembly (880ms)
			LoadAssemblies (64ms)
			RebuildTransferFunctionScriptingTraits (0ms)
			SetupTypeCache (164ms)
			ReleaseScriptCaches (1ms)
			RebuildScriptCaches (24ms)
			SetupLoadedEditorAssemblies (610ms)
				LogAssemblyErrors (0ms)
				InitializePlatformSupportModulesInManaged (4ms)
				SetLoadedEditorAssemblies (0ms)
				RefreshPlugins (1ms)
				BeforeProcessingInitializeOnLoad (35ms)
				ProcessInitializeOnLoadAttributes (549ms)
				ProcessInitializeOnLoadMethodAttributes (13ms)
				AfterProcessingInitializeOnLoad (7ms)
				EditorAssembliesLoaded (0ms)
			ExecutionOrderSort2 (0ms)
			AwakeInstancesAfterBackupRestoration (4ms)
Platform modules already initialized, skipping
Refreshing native plugins compatible for Editor in 0.35 ms, found 3 plugins.
Preloading 0 native plugins for Editor in 0.00 ms.
Unloading 3460 Unused Serialized files (Serialized files now loaded: 0)
Unloading 20 unused Assets / (21.9 KB). Loaded Objects now: 4018.
Memory consumption went from 129.1 MB to 129.1 MB.
Total: 2.623400 ms (FindLiveObjects: 0.205200 ms CreateObjectMapping: 0.075500 ms MarkObjects: 2.313700 ms  DeleteObjects: 0.028700 ms)

AssetImportParameters requested are different than current active one (requested -> active):
  custom:video-decoder-ogg-theora: a1e56fd34408186e4bbccfd4996cb3dc -> 
  custom:container-muxer-webm: aa71ff27fc2769a1b78a27578f13a17b -> 
  custom:container-demuxer-webm: 4f35f7cbe854078d1ac9338744f61a02 -> 
  custom:video-encoder-webm-vp8: eb34c28f22e8b96e1ab97ce403110664 -> 
  custom:video-codec-MediaFoundation-h265: 746d11721c4dcdbdad8f713fa42b33f4 -> 
  custom:CustomObjectIndexerAttribute: bc11b3a6c3213fcdd17b65e7da85e133 -> 
  custom:audio-encoder-webm-vorbis: bf7c407c2cedff20999df2af8eb42d56 -> 
  custom:framework-win-MediaFoundation: 216162199b28c13a410421893ffa2e32 -> 
  custom:SearchIndexIgnoredProperties: e643bd26f0fe6173181afceb89e7c659 -> 
  custom:container-demuxer-ogg: 62fdf1f143b41e24485cea50d1cbac27 -> 
  custom:video-decoder-webm-vp8: 9c59270c3fd7afecdb556c50c9e8de78 -> 
  custom:audio-decoder-ogg-vorbis: bf7c407c2cedff20999df2af8eb42d56 -> 
========================================================================
Received Import Request.
  Time since last request: 369.074155 seconds.
  path: Assets/General Materials/buildingsOne.mat
  artifactKey: Guid(6b395bdbd8419dd4fb9495ce2f2e760f) Importer(815301076,1909f56bfc062723c751e8b465ee728b)
Number of updated assets reloaded before import = 0
Start importing Assets/General Materials/buildingsOne.mat using Guid(6b395bdbd8419dd4fb9495ce2f2e760f) Importer(815301076,1909f56bfc062723c751e8b465ee728b)  -> (artifact id: '1ce5fd33f010328b99341884fd65f958') in 0.040021 seconds 
Number of asset objects unloaded after import = 2
========================================================================
Received Import Request.
  Time since last request: 54.664642 seconds.
  path: Assets/General Materials/buildingsOne.mat
  artifactKey: Guid(6b395bdbd8419dd4fb9495ce2f2e760f) Importer(815301076,1909f56bfc062723c751e8b465ee728b)
Number of updated assets reloaded before import = 0
Start importing Assets/General Materials/buildingsOne.mat using Guid(6b395bdbd8419dd4fb9495ce2f2e760f) Importer(815301076,1909f56bfc062723c751e8b465ee728b)  -> (artifact id: '0c303da79cc2daa3f6b99bd4a050e674') in 0.008723 seconds 
Number of asset objects unloaded after import = 2
========================================================================
Received Import Request.
  Time since last request: 63.096921 seconds.
  path: Assets/General Materials/buildingsOne.mat
  artifactKey: Guid(6b395bdbd8419dd4fb9495ce2f2e760f) Importer(815301076,1909f56bfc062723c751e8b465ee728b)
Number of updated assets reloaded before import = 0
Start importing Assets/General Materials/buildingsOne.mat using Guid(6b395bdbd8419dd4fb9495ce2f2e760f) Importer(815301076,1909f56bfc062723c751e8b465ee728b)  -> (artifact id: '0437e12c0436ac2f4f60d12e7fb37938') in 0.081587 seconds 
Number of asset objects unloaded after import = 2
========================================================================
Received Import Request.
  Time since last request: 74.152960 seconds.
  path: Assets/General Materials/boardColor 1.mat
  artifactKey: Guid(0b2f4d8167c8aa24484542db6cef0de9) Importer(815301076,1909f56bfc062723c751e8b465ee728b)
Number of updated assets reloaded before import = 0
Start importing Assets/General Materials/boardColor 1.mat using Guid(0b2f4d8167c8aa24484542db6cef0de9) Importer(815301076,1909f56bfc062723c751e8b465ee728b)  -> (artifact id: '8b1179fe9ce897a1aac5b5702703298e') in 0.012821 seconds 
Number of asset objects unloaded after import = 1
========================================================================
Received Import Request.
  Time since last request: 10.819105 seconds.
  path: Assets/General Materials/buildingsTwo.mat
  artifactKey: Guid(0b2f4d8167c8aa24484542db6cef0de9) Importer(815301076,1909f56bfc062723c751e8b465ee728b)
Number of updated assets reloaded before import = 0
Start importing Assets/General Materials/buildingsTwo.mat using Guid(0b2f4d8167c8aa24484542db6cef0de9) Importer(815301076,1909f56bfc062723c751e8b465ee728b)  -> (artifact id: '29c58d2b91168c4eb222fcb8fa945366') in 0.009685 seconds 
Number of asset objects unloaded after import = 1
========================================================================
Received Import Request.
  Time since last request: 41.542681 seconds.
  path: Assets/General Materials/buildingsTwo.mat
  artifactKey: Guid(0b2f4d8167c8aa24484542db6cef0de9) Importer(815301076,1909f56bfc062723c751e8b465ee728b)
Number of updated assets reloaded before import = 0
Start importing Assets/General Materials/buildingsTwo.mat using Guid(0b2f4d8167c8aa24484542db6cef0de9) Importer(815301076,1909f56bfc062723c751e8b465ee728b)  -> (artifact id: '7cf4b17698d116820bd7d5111c85cfb2') in 0.008338 seconds 
Number of asset objects unloaded after import = 2
========================================================================
Received Prepare
Registering precompiled user dll's ...
Registered in 0.003862 seconds.
Begin MonoManager ReloadAssembly
Native extension for WindowsStandalone target not found
Refreshing native plugins compatible for Editor in 0.52 ms, found 3 plugins.
Preloading 0 native plugins for Editor in 0.00 ms.
log4net:ERROR Error while loading XML configuration
System.Xml.XmlException: Root element is missing.
  at System.Xml.XmlTextReaderImpl.Throw (System.Exception e) [0x00027] in <0e47d6e5abb547ba927c50a2ebe4b19e>:0 
  at System.Xml.XmlTextReaderImpl.ThrowWithoutLineInfo (System.String res) [0x00017] in <0e47d6e5abb547ba927c50a2ebe4b19e>:0 
  at System.Xml.XmlTextReaderImpl.ParseDocumentContent () [0x0035d] in <0e47d6e5abb547ba927c50a2ebe4b19e>:0 
  at System.Xml.XmlTextReaderImpl.Read () [0x0008c] in <0e47d6e5abb547ba927c50a2ebe4b19e>:0 
  at System.Xml.XmlLoader.Load (System.Xml.XmlDocument doc, System.Xml.XmlReader reader, System.Boolean preserveWhitespace) [0x000a6] in <0e47d6e5abb547ba927c50a2ebe4b19e>:0 
  at System.Xml.XmlDocument.Load (System.Xml.XmlReader reader) [0x0002e] in <0e47d6e5abb547ba927c50a2ebe4b19e>:0 
  at log4net.Config.XmlConfigurator.InternalConfigure (log4net.Repository.ILoggerRepository repository, System.IO.Stream configStream) [0x00063] in <e1a77b5dfa0c4a1f8ba616c017f5e0b8>:0 
[Package Manager] Server::EnsureServerProcessIsRunning -- launch failed, reason: Unity was launched with the -noUpm command-line argument
[Package Manager] Cannot connect to Unity Package Manager local server
Mono: successfully reloaded assembly
- Completed reload, in  1.021 seconds
Domain Reload Profiling:
	ReloadAssembly (1022ms)
		BeginReloadAssembly (98ms)
			ExecutionOrderSort (0ms)
			DisableScriptedObjects (2ms)
			BackupInstance (0ms)
			ReleaseScriptingObjects (0ms)
			CreateAndSetChildDomain (23ms)
		EndReloadAssembly (868ms)
			LoadAssemblies (62ms)
			RebuildTransferFunctionScriptingTraits (0ms)
			SetupTypeCache (163ms)
			ReleaseScriptCaches (1ms)
			RebuildScriptCaches (25ms)
			SetupLoadedEditorAssemblies (602ms)
				LogAssemblyErrors (0ms)
				InitializePlatformSupportModulesInManaged (4ms)
				SetLoadedEditorAssemblies (0ms)
				RefreshPlugins (1ms)
				BeforeProcessingInitializeOnLoad (34ms)
				ProcessInitializeOnLoadAttributes (545ms)
				ProcessInitializeOnLoadMethodAttributes (12ms)
				AfterProcessingInitializeOnLoad (6ms)
				EditorAssembliesLoaded (0ms)
			ExecutionOrderSort2 (0ms)
			AwakeInstancesAfterBackupRestoration (4ms)
Platform modules already initialized, skipping
Refreshing native plugins compatible for Editor in 0.27 ms, found 3 plugins.
Preloading 0 native plugins for Editor in 0.00 ms.
Unloading 3460 Unused Serialized files (Serialized files now loaded: 0)
Unloading 20 unused Assets / (22.0 KB). Loaded Objects now: 4022.
Memory consumption went from 129.3 MB to 129.3 MB.
Total: 2.499000 ms (FindLiveObjects: 0.206000 ms CreateObjectMapping: 0.073800 ms MarkObjects: 2.202200 ms  DeleteObjects: 0.016600 ms)

AssetImportParameters requested are different than current active one (requested -> active):
  custom:video-decoder-ogg-theora: a1e56fd34408186e4bbccfd4996cb3dc -> 
  custom:container-muxer-webm: aa71ff27fc2769a1b78a27578f13a17b -> 
  custom:container-demuxer-webm: 4f35f7cbe854078d1ac9338744f61a02 -> 
  custom:video-encoder-webm-vp8: eb34c28f22e8b96e1ab97ce403110664 -> 
  custom:video-codec-MediaFoundation-h265: 746d11721c4dcdbdad8f713fa42b33f4 -> 
  custom:CustomObjectIndexerAttribute: bc11b3a6c3213fcdd17b65e7da85e133 -> 
  custom:audio-encoder-webm-vorbis: bf7c407c2cedff20999df2af8eb42d56 -> 
  custom:framework-win-MediaFoundation: 216162199b28c13a410421893ffa2e32 -> 
  custom:SearchIndexIgnoredProperties: e643bd26f0fe6173181afceb89e7c659 -> 
  custom:container-demuxer-ogg: 62fdf1f143b41e24485cea50d1cbac27 -> 
  custom:video-decoder-webm-vp8: 9c59270c3fd7afecdb556c50c9e8de78 -> 
  custom:audio-decoder-ogg-vorbis: bf7c407c2cedff20999df2af8eb42d56 -> 
========================================================================
Received Import Request.
  Time since last request: 76.356070 seconds.
  path: Assets/General Materials/boardColor 1.mat
  artifactKey: Guid(8cfa92067ec92024e813cc1be295fe08) Importer(815301076,1909f56bfc062723c751e8b465ee728b)
Number of updated assets reloaded before import = 0
Start importing Assets/General Materials/boardColor 1.mat using Guid(8cfa92067ec92024e813cc1be295fe08) Importer(815301076,1909f56bfc062723c751e8b465ee728b)  -> (artifact id: '4cf9a07fbadd02ac1a6c7cbc78deaee9') in 0.047021 seconds 
Number of asset objects unloaded after import = 1
========================================================================
Received Import Request.
  Time since last request: 14.308983 seconds.
  path: Assets/General Materials/boardTransparent.mat
  artifactKey: Guid(8cfa92067ec92024e813cc1be295fe08) Importer(815301076,1909f56bfc062723c751e8b465ee728b)
Number of updated assets reloaded before import = 0
Start importing Assets/General Materials/boardTransparent.mat using Guid(8cfa92067ec92024e813cc1be295fe08) Importer(815301076,1909f56bfc062723c751e8b465ee728b)  -> (artifact id: '4b454dd1d152a75d80fafddca82a47f0') in 0.010522 seconds 
Number of asset objects unloaded after import = 1
========================================================================
Received Prepare
Registering precompiled user dll's ...
Registered in 0.003945 seconds.
Begin MonoManager ReloadAssembly
Native extension for WindowsStandalone target not found
Refreshing native plugins compatible for Editor in 0.50 ms, found 3 plugins.
Preloading 0 native plugins for Editor in 0.00 ms.
log4net:ERROR Error while loading XML configuration
System.Xml.XmlException: Root element is missing.
  at System.Xml.XmlTextReaderImpl.Throw (System.Exception e) [0x00027] in <0e47d6e5abb547ba927c50a2ebe4b19e>:0 
  at System.Xml.XmlTextReaderImpl.ThrowWithoutLineInfo (System.String res) [0x00017] in <0e47d6e5abb547ba927c50a2ebe4b19e>:0 
  at System.Xml.XmlTextReaderImpl.ParseDocumentContent () [0x0035d] in <0e47d6e5abb547ba927c50a2ebe4b19e>:0 
  at System.Xml.XmlTextReaderImpl.Read () [0x0008c] in <0e47d6e5abb547ba927c50a2ebe4b19e>:0 
  at System.Xml.XmlLoader.Load (System.Xml.XmlDocument doc, System.Xml.XmlReader reader, System.Boolean preserveWhitespace) [0x000a6] in <0e47d6e5abb547ba927c50a2ebe4b19e>:0 
  at System.Xml.XmlDocument.Load (System.Xml.XmlReader reader) [0x0002e] in <0e47d6e5abb547ba927c50a2ebe4b19e>:0 
  at log4net.Config.XmlConfigurator.InternalConfigure (log4net.Repository.ILoggerRepository repository, System.IO.Stream configStream) [0x00063] in <e1a77b5dfa0c4a1f8ba616c017f5e0b8>:0 
[Package Manager] Server::EnsureServerProcessIsRunning -- launch failed, reason: Unity was launched with the -noUpm command-line argument
[Package Manager] Cannot connect to Unity Package Manager local server
Mono: successfully reloaded assembly
- Completed reload, in  1.011 seconds
Domain Reload Profiling:
	ReloadAssembly (1011ms)
		BeginReloadAssembly (98ms)
			ExecutionOrderSort (0ms)
			DisableScriptedObjects (2ms)
			BackupInstance (0ms)
			ReleaseScriptingObjects (0ms)
			CreateAndSetChildDomain (23ms)
		EndReloadAssembly (856ms)
			LoadAssemblies (63ms)
			RebuildTransferFunctionScriptingTraits (0ms)
			SetupTypeCache (156ms)
			ReleaseScriptCaches (1ms)
			RebuildScriptCaches (24ms)
			SetupLoadedEditorAssemblies (600ms)
				LogAssemblyErrors (0ms)
				InitializePlatformSupportModulesInManaged (4ms)
				SetLoadedEditorAssemblies (0ms)
				RefreshPlugins (1ms)
				BeforeProcessingInitializeOnLoad (34ms)
				ProcessInitializeOnLoadAttributes (543ms)
				ProcessInitializeOnLoadMethodAttributes (12ms)
				AfterProcessingInitializeOnLoad (6ms)
				EditorAssembliesLoaded (0ms)
			ExecutionOrderSort2 (0ms)
			AwakeInstancesAfterBackupRestoration (4ms)
Platform modules already initialized, skipping
Refreshing native plugins compatible for Editor in 0.24 ms, found 3 plugins.
Preloading 0 native plugins for Editor in 0.00 ms.
Unloading 3460 Unused Serialized files (Serialized files now loaded: 0)
Unloading 20 unused Assets / (21.9 KB). Loaded Objects now: 4025.
Memory consumption went from 129.3 MB to 129.3 MB.
Total: 2.138400 ms (FindLiveObjects: 0.225700 ms CreateObjectMapping: 0.073300 ms MarkObjects: 1.823800 ms  DeleteObjects: 0.015200 ms)

AssetImportParameters requested are different than current active one (requested -> active):
  custom:video-decoder-ogg-theora: a1e56fd34408186e4bbccfd4996cb3dc -> 
  custom:container-muxer-webm: aa71ff27fc2769a1b78a27578f13a17b -> 
  custom:container-demuxer-webm: 4f35f7cbe854078d1ac9338744f61a02 -> 
  custom:video-encoder-webm-vp8: eb34c28f22e8b96e1ab97ce403110664 -> 
  custom:video-codec-MediaFoundation-h265: 746d11721c4dcdbdad8f713fa42b33f4 -> 
  custom:CustomObjectIndexerAttribute: bc11b3a6c3213fcdd17b65e7da85e133 -> 
  custom:audio-encoder-webm-vorbis: bf7c407c2cedff20999df2af8eb42d56 -> 
  custom:framework-win-MediaFoundation: 216162199b28c13a410421893ffa2e32 -> 
  custom:SearchIndexIgnoredProperties: e643bd26f0fe6173181afceb89e7c659 -> 
  custom:container-demuxer-ogg: 62fdf1f143b41e24485cea50d1cbac27 -> 
  custom:video-decoder-webm-vp8: 9c59270c3fd7afecdb556c50c9e8de78 -> 
  custom:audio-decoder-ogg-vorbis: bf7c407c2cedff20999df2af8eb42d56 -> 
========================================================================
Received Import Request.
  Time since last request: 126.065175 seconds.
  path: Assets/TextMesh Pro/Examples & Extras/Resources/Fonts & Materials/Oswald Bold SDF.asset
  artifactKey: Guid(0161d805a3764c089bef00bfe00793f5) Importer(815301076,1909f56bfc062723c751e8b465ee728b)
Number of updated assets reloaded before import = 0
Start importing Assets/TextMesh Pro/Examples & Extras/Resources/Fonts & Materials/Oswald Bold SDF.asset using Guid(0161d805a3764c089bef00bfe00793f5) Importer(815301076,1909f56bfc062723c751e8b465ee728b)  -> (artifact id: '23fff1d2aa7b1af1aac93cdc021de757') in 0.098731 seconds 
Number of asset objects unloaded after import = 6
========================================================================
Received Import Request.
  Time since last request: 0.000017 seconds.
  path: Assets/kisaki-ball/Materials/Tag.mat
  artifactKey: Guid(a65618332d60e1046a9c83967e80f725) Importer(815301076,1909f56bfc062723c751e8b465ee728b)
Number of updated assets reloaded before import = 0
Start importing Assets/kisaki-ball/Materials/Tag.mat using Guid(a65618332d60e1046a9c83967e80f725) Importer(815301076,1909f56bfc062723c751e8b465ee728b)  -> (artifact id: '0d028e3c72b3f8681a5902a83163f767') in 0.028308 seconds 
Number of asset objects unloaded after import = 2
========================================================================
Received Import Request.
  Time since last request: 0.000019 seconds.
  path: Assets/TextMesh Pro/Examples & Extras/Resources/Fonts & Materials/Roboto-Bold SDF - Surface.mat
  artifactKey: Guid(e6b276ec991f467aa14ef1f3cc665993) Importer(815301076,1909f56bfc062723c751e8b465ee728b)
Number of updated assets reloaded before import = 0
Start importing Assets/TextMesh Pro/Examples & Extras/Resources/Fonts & Materials/Roboto-Bold SDF - Surface.mat using Guid(e6b276ec991f467aa14ef1f3cc665993) Importer(815301076,1909f56bfc062723c751e8b465ee728b)  -> (artifact id: '7384a5269bc265a68ce1d35ef6d31f62') in 0.040732 seconds 
Number of asset objects unloaded after import = 2
========================================================================
Received Import Request.
  Time since last request: 24.765785 seconds.
  path: Assets/TextMesh Pro/Examples & Extras/Resources/Fonts & Materials/LiberationSans SDF - Overlay.mat
  artifactKey: Guid(9ad269c99dcf42b7aedefd83dd5a7b9d) Importer(815301076,1909f56bfc062723c751e8b465ee728b)
Number of updated assets reloaded before import = 0
Start importing Assets/TextMesh Pro/Examples & Extras/Resources/Fonts & Materials/LiberationSans SDF - Overlay.mat using Guid(9ad269c99dcf42b7aedefd83dd5a7b9d) Importer(815301076,1909f56bfc062723c751e8b465ee728b)  -> (artifact id: 'b496a7eb99f0138d0b684359292364f9') in 0.044199 seconds 
Number of asset objects unloaded after import = 2
========================================================================
Received Import Request.
  Time since last request: 0.068453 seconds.
  path: Assets/kisaki-ball/Materials/KisakiMat.mat
  artifactKey: Guid(d8a716bd49cb6f14db43a3a5678d9005) Importer(815301076,1909f56bfc062723c751e8b465ee728b)
Number of updated assets reloaded before import = 0
Start importing Assets/kisaki-ball/Materials/KisakiMat.mat using Guid(d8a716bd49cb6f14db43a3a5678d9005) Importer(815301076,1909f56bfc062723c751e8b465ee728b)  -> (artifact id: '1384be3ecb71127e985a80b73382a572') in 0.020260 seconds 
Number of asset objects unloaded after import = 2
========================================================================
Received Import Request.
  Time since last request: 0.000010 seconds.
  path: Assets/TextMesh Pro/Resources/Fonts & Materials/LiberationSans SDF - Outline.mat
  artifactKey: Guid(79459efec17a4d00a321bdcc27bbc385) Importer(815301076,1909f56bfc062723c751e8b465ee728b)
Number of updated assets reloaded before import = 0
Start importing Assets/TextMesh Pro/Resources/Fonts & Materials/LiberationSans SDF - Outline.mat using Guid(79459efec17a4d00a321bdcc27bbc385) Importer(815301076,1909f56bfc062723c751e8b465ee728b)  -> (artifact id: 'b6c1b47cbdf04e3361b046d897e63f86') in 0.038012 seconds 
Number of asset objects unloaded after import = 2
========================================================================
Received Import Request.
  Time since last request: 0.711592 seconds.
  path: Assets/kisaki-ball/Materials/KisakiButterflyBlue.mat
  artifactKey: Guid(e0ea4155ad6562740aa763de0fc8d37d) Importer(815301076,1909f56bfc062723c751e8b465ee728b)
Number of updated assets reloaded before import = 0
Start importing Assets/kisaki-ball/Materials/KisakiButterflyBlue.mat using Guid(e0ea4155ad6562740aa763de0fc8d37d) Importer(815301076,1909f56bfc062723c751e8b465ee728b)  -> (artifact id: 'be752227c2d42eff0ac40935d9e81aad') in 0.023125 seconds 
Number of asset objects unloaded after import = 2
========================================================================
Received Import Request.
  Time since last request: 25.345245 seconds.
  path: Assets/TextMesh Pro/Examples & Extras/Materials/Ground - Logo Scene.mat
  artifactKey: Guid(c719e38f25a9480abd2480ab621a2949) Importer(815301076,1909f56bfc062723c751e8b465ee728b)
Number of updated assets reloaded before import = 0
Start importing Assets/TextMesh Pro/Examples & Extras/Materials/Ground - Logo Scene.mat using Guid(c719e38f25a9480abd2480ab621a2949) Importer(815301076,1909f56bfc062723c751e8b465ee728b)  -> (artifact id: '80c4155727204ca90a9088c30e935965') in 0.021364 seconds 
Number of asset objects unloaded after import = 2
========================================================================
Received Import Request.
  Time since last request: 0.015710 seconds.
  path: Assets/TextMesh Pro/Examples & Extras/Fonts/Anton.ttf
  artifactKey: Guid(997a43b767814dd0a7642ec9b78cba41) Importer(815301076,1909f56bfc062723c751e8b465ee728b)
Number of updated assets reloaded before import = 0
Start importing Assets/TextMesh Pro/Examples & Extras/Fonts/Anton.ttf using Guid(997a43b767814dd0a7642ec9b78cba41) Importer(815301076,1909f56bfc062723c751e8b465ee728b)  -> (artifact id: '5bbac09391683c2396318545e80dac9e') in 0.053883 seconds 
Number of asset objects unloaded after import = 4
========================================================================
Received Import Request.
  Time since last request: 0.624310 seconds.
  path: Assets/TextMesh Pro/Examples & Extras/Resources/Fonts & Materials/Electronic Highway Sign SDF.asset
  artifactKey: Guid(dc36b3fdc14f47ebb36fd484a67e268a) Importer(815301076,1909f56bfc062723c751e8b465ee728b)
Number of updated assets reloaded before import = 0
Start importing Assets/TextMesh Pro/Examples & Extras/Resources/Fonts & Materials/Electronic Highway Sign SDF.asset using Guid(dc36b3fdc14f47ebb36fd484a67e268a) Importer(815301076,1909f56bfc062723c751e8b465ee728b)  -> (artifact id: '398df9a6d099c13075b8fcb30ba90e4b') in 0.028631 seconds 
Number of asset objects unloaded after import = 6
========================================================================
Received Import Request.
  Time since last request: 1.398378 seconds.
  path: Assets/Scripts/Animations/Ch44_body1.mat
  artifactKey: Guid(bfb017898abce7b42a1c3223a9ef4fcb) Importer(815301076,1909f56bfc062723c751e8b465ee728b)
Number of updated assets reloaded before import = 0
Start importing Assets/Scripts/Animations/Ch44_body1.mat using Guid(bfb017898abce7b42a1c3223a9ef4fcb) Importer(815301076,1909f56bfc062723c751e8b465ee728b)  -> (artifact id: '71a824b6b2256d7f03db863bffa15298') in 0.047353 seconds 
Number of asset objects unloaded after import = 4
========================================================================
Received Import Request.
  Time since last request: 0.101408 seconds.
  path: Assets/Scripts/Animations/Ch44_Body.mat
  artifactKey: Guid(d0ea8096bd6021b41a110fcaecfaa644) Importer(815301076,1909f56bfc062723c751e8b465ee728b)
Number of updated assets reloaded before import = 0
Start importing Assets/Scripts/Animations/Ch44_Body.mat using Guid(d0ea8096bd6021b41a110fcaecfaa644) Importer(815301076,1909f56bfc062723c751e8b465ee728b)  -> (artifact id: '6f80e02f99050ee9bb16e5eb5a109adb') in 0.028832 seconds 
Number of asset objects unloaded after import = 4
========================================================================
Received Import Request.
  Time since last request: 1.238971 seconds.
  path: Assets/TextMesh Pro/Examples & Extras/Resources/Fonts & Materials/Bangers SDF Glow.mat
  artifactKey: Guid(d75b8f41e959450c84ac6e967084d3e1) Importer(815301076,1909f56bfc062723c751e8b465ee728b)
Number of updated assets reloaded before import = 0
Start importing Assets/TextMesh Pro/Examples & Extras/Resources/Fonts & Materials/Bangers SDF Glow.mat using Guid(d75b8f41e959450c84ac6e967084d3e1) Importer(815301076,1909f56bfc062723c751e8b465ee728b)  -> (artifact id: '56e1627f489e0b9708d90719f0c39c04') in 0.043739 seconds 
Number of asset objects unloaded after import = 3
========================================================================
Received Import Request.
  Time since last request: 0.085906 seconds.
  path: Assets/TextMesh Pro/Examples & Extras/Resources/Fonts & Materials/Anton SDF - Sunny Days.mat
  artifactKey: Guid(6522f30e342599e4e9dd4cc2cc03c830) Importer(815301076,1909f56bfc062723c751e8b465ee728b)
Number of updated assets reloaded before import = 0
Start importing Assets/TextMesh Pro/Examples & Extras/Resources/Fonts & Materials/Anton SDF - Sunny Days.mat using Guid(6522f30e342599e4e9dd4cc2cc03c830) Importer(815301076,1909f56bfc062723c751e8b465ee728b)  -> (artifact id: '093f3b8bcb3aabe52ba84a96655eb401') in 0.049398 seconds 
Number of asset objects unloaded after import = 4
========================================================================
Received Import Request.
  Time since last request: 0.254902 seconds.
  path: Assets/TextMesh Pro/Examples & Extras/Resources/Fonts & Materials/Anton SDF - Drop Shadow.mat
  artifactKey: Guid(749b9069dc4742c5bfa5c74644049926) Importer(815301076,1909f56bfc062723c751e8b465ee728b)
Number of updated assets reloaded before import = 0
Start importing Assets/TextMesh Pro/Examples & Extras/Resources/Fonts & Materials/Anton SDF - Drop Shadow.mat using Guid(749b9069dc4742c5bfa5c74644049926) Importer(815301076,1909f56bfc062723c751e8b465ee728b)  -> (artifact id: '964fde5cd38d1971984fc5dac247d2dc') in 0.051746 seconds 
Number of asset objects unloaded after import = 2
========================================================================
Received Import Request.
  Time since last request: 52.913004 seconds.
  path: Assets/General Materials/boardColor.mat
  artifactKey: Guid(a52dca7195321ba49a4e46a5342ca219) Importer(815301076,1909f56bfc062723c751e8b465ee728b)
Number of updated assets reloaded before import = 0
Start importing Assets/General Materials/boardColor.mat using Guid(a52dca7195321ba49a4e46a5342ca219) Importer(815301076,1909f56bfc062723c751e8b465ee728b)  -> (artifact id: 'd15e53ec527443c1be9a4c6ec040e75e') in 0.008455 seconds 
Number of asset objects unloaded after import = 1
========================================================================
Received Prepare
Registering precompiled user dll's ...
Registered in 0.004180 seconds.
Begin MonoManager ReloadAssembly
Native extension for WindowsStandalone target not found
Refreshing native plugins compatible for Editor in 0.46 ms, found 3 plugins.
Preloading 0 native plugins for Editor in 0.00 ms.
log4net:ERROR Error while loading XML configuration
System.Xml.XmlException: Root element is missing.
  at System.Xml.XmlTextReaderImpl.Throw (System.Exception e) [0x00027] in <0e47d6e5abb547ba927c50a2ebe4b19e>:0 
  at System.Xml.XmlTextReaderImpl.ThrowWithoutLineInfo (System.String res) [0x00017] in <0e47d6e5abb547ba927c50a2ebe4b19e>:0 
  at System.Xml.XmlTextReaderImpl.ParseDocumentContent () [0x0035d] in <0e47d6e5abb547ba927c50a2ebe4b19e>:0 
  at System.Xml.XmlTextReaderImpl.Read () [0x0008c] in <0e47d6e5abb547ba927c50a2ebe4b19e>:0 
  at System.Xml.XmlLoader.Load (System.Xml.XmlDocument doc, System.Xml.XmlReader reader, System.Boolean preserveWhitespace) [0x000a6] in <0e47d6e5abb547ba927c50a2ebe4b19e>:0 
  at System.Xml.XmlDocument.Load (System.Xml.XmlReader reader) [0x0002e] in <0e47d6e5abb547ba927c50a2ebe4b19e>:0 
  at log4net.Config.XmlConfigurator.InternalConfigure (log4net.Repository.ILoggerRepository repository, System.IO.Stream configStream) [0x00063] in <e1a77b5dfa0c4a1f8ba616c017f5e0b8>:0 
[Package Manager] Server::EnsureServerProcessIsRunning -- launch failed, reason: Unity was launched with the -noUpm command-line argument
[Package Manager] Cannot connect to Unity Package Manager local server
Mono: successfully reloaded assembly
- Completed reload, in  1.024 seconds
Domain Reload Profiling:
	ReloadAssembly (1024ms)
		BeginReloadAssembly (97ms)
			ExecutionOrderSort (0ms)
			DisableScriptedObjects (3ms)
			BackupInstance (0ms)
			ReleaseScriptingObjects (0ms)
			CreateAndSetChildDomain (23ms)
		EndReloadAssembly (869ms)
			LoadAssemblies (60ms)
			RebuildTransferFunctionScriptingTraits (0ms)
			SetupTypeCache (161ms)
			ReleaseScriptCaches (1ms)
			RebuildScriptCaches (25ms)
			SetupLoadedEditorAssemblies (606ms)
				LogAssemblyErrors (0ms)
				InitializePlatformSupportModulesInManaged (3ms)
				SetLoadedEditorAssemblies (0ms)
				RefreshPlugins (0ms)
				BeforeProcessingInitializeOnLoad (34ms)
				ProcessInitializeOnLoadAttributes (548ms)
				ProcessInitializeOnLoadMethodAttributes (13ms)
				AfterProcessingInitializeOnLoad (6ms)
				EditorAssembliesLoaded (0ms)
			ExecutionOrderSort2 (0ms)
			AwakeInstancesAfterBackupRestoration (4ms)
Platform modules already initialized, skipping
Refreshing native plugins compatible for Editor in 0.27 ms, found 3 plugins.
Preloading 0 native plugins for Editor in 0.00 ms.
Unloading 3460 Unused Serialized files (Serialized files now loaded: 0)
Unloading 20 unused Assets / (22.0 KB). Loaded Objects now: 4033.
Memory consumption went from 129.5 MB to 129.5 MB.
Total: 2.367900 ms (FindLiveObjects: 0.210900 ms CreateObjectMapping: 0.064200 ms MarkObjects: 2.078100 ms  DeleteObjects: 0.014300 ms)

AssetImportParameters requested are different than current active one (requested -> active):
  custom:video-decoder-ogg-theora: a1e56fd34408186e4bbccfd4996cb3dc -> 
  custom:container-muxer-webm: aa71ff27fc2769a1b78a27578f13a17b -> 
  custom:container-demuxer-webm: 4f35f7cbe854078d1ac9338744f61a02 -> 
  custom:video-encoder-webm-vp8: eb34c28f22e8b96e1ab97ce403110664 -> 
  custom:video-codec-MediaFoundation-h265: 746d11721c4dcdbdad8f713fa42b33f4 -> 
  custom:CustomObjectIndexerAttribute: bc11b3a6c3213fcdd17b65e7da85e133 -> 
  custom:audio-encoder-webm-vorbis: bf7c407c2cedff20999df2af8eb42d56 -> 
  custom:framework-win-MediaFoundation: 216162199b28c13a410421893ffa2e32 -> 
  custom:SearchIndexIgnoredProperties: e643bd26f0fe6173181afceb89e7c659 -> 
  custom:container-demuxer-ogg: 62fdf1f143b41e24485cea50d1cbac27 -> 
  custom:video-decoder-webm-vp8: 9c59270c3fd7afecdb556c50c9e8de78 -> 
  custom:audio-decoder-ogg-vorbis: bf7c407c2cedff20999df2af8eb42d56 -> 
========================================================================
Received Prepare
Registering precompiled user dll's ...
Registered in 0.004278 seconds.
Begin MonoManager ReloadAssembly
Native extension for WindowsStandalone target not found
Refreshing native plugins compatible for Editor in 0.55 ms, found 3 plugins.
Preloading 0 native plugins for Editor in 0.00 ms.
log4net:ERROR Error while loading XML configuration
System.Xml.XmlException: Root element is missing.
  at System.Xml.XmlTextReaderImpl.Throw (System.Exception e) [0x00027] in <0e47d6e5abb547ba927c50a2ebe4b19e>:0 
  at System.Xml.XmlTextReaderImpl.ThrowWithoutLineInfo (System.String res) [0x00017] in <0e47d6e5abb547ba927c50a2ebe4b19e>:0 
  at System.Xml.XmlTextReaderImpl.ParseDocumentContent () [0x0035d] in <0e47d6e5abb547ba927c50a2ebe4b19e>:0 
  at System.Xml.XmlTextReaderImpl.Read () [0x0008c] in <0e47d6e5abb547ba927c50a2ebe4b19e>:0 
  at System.Xml.XmlLoader.Load (System.Xml.XmlDocument doc, System.Xml.XmlReader reader, System.Boolean preserveWhitespace) [0x000a6] in <0e47d6e5abb547ba927c50a2ebe4b19e>:0 
  at System.Xml.XmlDocument.Load (System.Xml.XmlReader reader) [0x0002e] in <0e47d6e5abb547ba927c50a2ebe4b19e>:0 
  at log4net.Config.XmlConfigurator.InternalConfigure (log4net.Repository.ILoggerRepository repository, System.IO.Stream configStream) [0x00063] in <e1a77b5dfa0c4a1f8ba616c017f5e0b8>:0 
[Package Manager] Server::EnsureServerProcessIsRunning -- launch failed, reason: Unity was launched with the -noUpm command-line argument
[Package Manager] Cannot connect to Unity Package Manager local server
Mono: successfully reloaded assembly
- Completed reload, in  1.005 seconds
Domain Reload Profiling:
	ReloadAssembly (1006ms)
		BeginReloadAssembly (98ms)
			ExecutionOrderSort (0ms)
			DisableScriptedObjects (3ms)
			BackupInstance (0ms)
			ReleaseScriptingObjects (0ms)
			CreateAndSetChildDomain (22ms)
		EndReloadAssembly (850ms)
			LoadAssemblies (64ms)
			RebuildTransferFunctionScriptingTraits (0ms)
			SetupTypeCache (165ms)
			ReleaseScriptCaches (1ms)
			RebuildScriptCaches (23ms)
			SetupLoadedEditorAssemblies (586ms)
				LogAssemblyErrors (0ms)
				InitializePlatformSupportModulesInManaged (4ms)
				SetLoadedEditorAssemblies (0ms)
				RefreshPlugins (1ms)
				BeforeProcessingInitializeOnLoad (34ms)
				ProcessInitializeOnLoadAttributes (528ms)
				ProcessInitializeOnLoadMethodAttributes (13ms)
				AfterProcessingInitializeOnLoad (7ms)
				EditorAssembliesLoaded (0ms)
			ExecutionOrderSort2 (0ms)
			AwakeInstancesAfterBackupRestoration (4ms)
Platform modules already initialized, skipping
Refreshing native plugins compatible for Editor in 0.28 ms, found 3 plugins.
Preloading 0 native plugins for Editor in 0.00 ms.
Unloading 3460 Unused Serialized files (Serialized files now loaded: 0)
Unloading 20 unused Assets / (21.9 KB). Loaded Objects now: 4036.
Memory consumption went from 129.5 MB to 129.5 MB.
Total: 2.374500 ms (FindLiveObjects: 0.248200 ms CreateObjectMapping: 0.071300 ms MarkObjects: 2.040100 ms  DeleteObjects: 0.014200 ms)

AssetImportParameters requested are different than current active one (requested -> active):
  custom:video-decoder-ogg-theora: a1e56fd34408186e4bbccfd4996cb3dc -> 
  custom:container-muxer-webm: aa71ff27fc2769a1b78a27578f13a17b -> 
  custom:container-demuxer-webm: 4f35f7cbe854078d1ac9338744f61a02 -> 
  custom:video-encoder-webm-vp8: eb34c28f22e8b96e1ab97ce403110664 -> 
  custom:video-codec-MediaFoundation-h265: 746d11721c4dcdbdad8f713fa42b33f4 -> 
  custom:CustomObjectIndexerAttribute: bc11b3a6c3213fcdd17b65e7da85e133 -> 
  custom:audio-encoder-webm-vorbis: bf7c407c2cedff20999df2af8eb42d56 -> 
  custom:framework-win-MediaFoundation: 216162199b28c13a410421893ffa2e32 -> 
  custom:SearchIndexIgnoredProperties: e643bd26f0fe6173181afceb89e7c659 -> 
  custom:container-demuxer-ogg: 62fdf1f143b41e24485cea50d1cbac27 -> 
  custom:video-decoder-webm-vp8: 9c59270c3fd7afecdb556c50c9e8de78 -> 
  custom:audio-decoder-ogg-vorbis: bf7c407c2cedff20999df2af8eb42d56 -> 
========================================================================
Received Prepare
Registering precompiled user dll's ...
Registered in 0.003702 seconds.
Begin MonoManager ReloadAssembly
Native extension for WindowsStandalone target not found
Refreshing native plugins compatible for Editor in 0.47 ms, found 3 plugins.
Preloading 0 native plugins for Editor in 0.00 ms.
log4net:ERROR Error while loading XML configuration
System.Xml.XmlException: Root element is missing.
  at System.Xml.XmlTextReaderImpl.Throw (System.Exception e) [0x00027] in <0e47d6e5abb547ba927c50a2ebe4b19e>:0 
  at System.Xml.XmlTextReaderImpl.ThrowWithoutLineInfo (System.String res) [0x00017] in <0e47d6e5abb547ba927c50a2ebe4b19e>:0 
  at System.Xml.XmlTextReaderImpl.ParseDocumentContent () [0x0035d] in <0e47d6e5abb547ba927c50a2ebe4b19e>:0 
  at System.Xml.XmlTextReaderImpl.Read () [0x0008c] in <0e47d6e5abb547ba927c50a2ebe4b19e>:0 
  at System.Xml.XmlLoader.Load (System.Xml.XmlDocument doc, System.Xml.XmlReader reader, System.Boolean preserveWhitespace) [0x000a6] in <0e47d6e5abb547ba927c50a2ebe4b19e>:0 
  at System.Xml.XmlDocument.Load (System.Xml.XmlReader reader) [0x0002e] in <0e47d6e5abb547ba927c50a2ebe4b19e>:0 
  at log4net.Config.XmlConfigurator.InternalConfigure (log4net.Repository.ILoggerRepository repository, System.IO.Stream configStream) [0x00063] in <e1a77b5dfa0c4a1f8ba616c017f5e0b8>:0 
[Package Manager] Server::EnsureServerProcessIsRunning -- launch failed, reason: Unity was launched with the -noUpm command-line argument
[Package Manager] Cannot connect to Unity Package Manager local server
Mono: successfully reloaded assembly
- Completed reload, in  1.010 seconds
Domain Reload Profiling:
	ReloadAssembly (1011ms)
		BeginReloadAssembly (96ms)
			ExecutionOrderSort (0ms)
			DisableScriptedObjects (3ms)
			BackupInstance (0ms)
			ReleaseScriptingObjects (0ms)
			CreateAndSetChildDomain (21ms)
		EndReloadAssembly (852ms)
			LoadAssemblies (61ms)
			RebuildTransferFunctionScriptingTraits (0ms)
			SetupTypeCache (160ms)
			ReleaseScriptCaches (1ms)
			RebuildScriptCaches (25ms)
			SetupLoadedEditorAssemblies (594ms)
				LogAssemblyErrors (0ms)
				InitializePlatformSupportModulesInManaged (3ms)
				SetLoadedEditorAssemblies (0ms)
				RefreshPlugins (1ms)
				BeforeProcessingInitializeOnLoad (31ms)
				ProcessInitializeOnLoadAttributes (541ms)
				ProcessInitializeOnLoadMethodAttributes (12ms)
				AfterProcessingInitializeOnLoad (5ms)
				EditorAssembliesLoaded (0ms)
			ExecutionOrderSort2 (0ms)
			AwakeInstancesAfterBackupRestoration (4ms)
Platform modules already initialized, skipping
Refreshing native plugins compatible for Editor in 0.34 ms, found 3 plugins.
Preloading 0 native plugins for Editor in 0.00 ms.
Unloading 3460 Unused Serialized files (Serialized files now loaded: 0)
Unloading 20 unused Assets / (21.9 KB). Loaded Objects now: 4039.
Memory consumption went from 129.5 MB to 129.5 MB.
Total: 2.167400 ms (FindLiveObjects: 0.183900 ms CreateObjectMapping: 0.061600 ms MarkObjects: 1.905500 ms  DeleteObjects: 0.016100 ms)

AssetImportParameters requested are different than current active one (requested -> active):
  custom:video-decoder-ogg-theora: a1e56fd34408186e4bbccfd4996cb3dc -> 
  custom:container-muxer-webm: aa71ff27fc2769a1b78a27578f13a17b -> 
  custom:container-demuxer-webm: 4f35f7cbe854078d1ac9338744f61a02 -> 
  custom:video-encoder-webm-vp8: eb34c28f22e8b96e1ab97ce403110664 -> 
  custom:video-codec-MediaFoundation-h265: 746d11721c4dcdbdad8f713fa42b33f4 -> 
  custom:CustomObjectIndexerAttribute: bc11b3a6c3213fcdd17b65e7da85e133 -> 
  custom:audio-encoder-webm-vorbis: bf7c407c2cedff20999df2af8eb42d56 -> 
  custom:framework-win-MediaFoundation: 216162199b28c13a410421893ffa2e32 -> 
  custom:SearchIndexIgnoredProperties: e643bd26f0fe6173181afceb89e7c659 -> 
  custom:container-demuxer-ogg: 62fdf1f143b41e24485cea50d1cbac27 -> 
  custom:video-decoder-webm-vp8: 9c59270c3fd7afecdb556c50c9e8de78 -> 
  custom:audio-decoder-ogg-vorbis: bf7c407c2cedff20999df2af8eb42d56 -> 
========================================================================
Received Prepare
Registering precompiled user dll's ...
Registered in 0.003965 seconds.
Begin MonoManager ReloadAssembly
Native extension for WindowsStandalone target not found
Refreshing native plugins compatible for Editor in 0.69 ms, found 3 plugins.
Preloading 0 native plugins for Editor in 0.00 ms.
log4net:ERROR Error while loading XML configuration
System.Xml.XmlException: Root element is missing.
  at System.Xml.XmlTextReaderImpl.Throw (System.Exception e) [0x00027] in <0e47d6e5abb547ba927c50a2ebe4b19e>:0 
  at System.Xml.XmlTextReaderImpl.ThrowWithoutLineInfo (System.String res) [0x00017] in <0e47d6e5abb547ba927c50a2ebe4b19e>:0 
  at System.Xml.XmlTextReaderImpl.ParseDocumentContent () [0x0035d] in <0e47d6e5abb547ba927c50a2ebe4b19e>:0 
  at System.Xml.XmlTextReaderImpl.Read () [0x0008c] in <0e47d6e5abb547ba927c50a2ebe4b19e>:0 
  at System.Xml.XmlLoader.Load (System.Xml.XmlDocument doc, System.Xml.XmlReader reader, System.Boolean preserveWhitespace) [0x000a6] in <0e47d6e5abb547ba927c50a2ebe4b19e>:0 
  at System.Xml.XmlDocument.Load (System.Xml.XmlReader reader) [0x0002e] in <0e47d6e5abb547ba927c50a2ebe4b19e>:0 
  at log4net.Config.XmlConfigurator.InternalConfigure (log4net.Repository.ILoggerRepository repository, System.IO.Stream configStream) [0x00063] in <e1a77b5dfa0c4a1f8ba616c017f5e0b8>:0 
[Package Manager] Server::EnsureServerProcessIsRunning -- launch failed, reason: Unity was launched with the -noUpm command-line argument
[Package Manager] Cannot connect to Unity Package Manager local server
Mono: successfully reloaded assembly
- Completed reload, in  1.007 seconds
Domain Reload Profiling:
	ReloadAssembly (1007ms)
		BeginReloadAssembly (100ms)
			ExecutionOrderSort (0ms)
			DisableScriptedObjects (3ms)
			BackupInstance (0ms)
			ReleaseScriptingObjects (0ms)
			CreateAndSetChildDomain (23ms)
		EndReloadAssembly (850ms)
			LoadAssemblies (65ms)
			RebuildTransferFunctionScriptingTraits (0ms)
			SetupTypeCache (163ms)
			ReleaseScriptCaches (1ms)
			RebuildScriptCaches (24ms)
			SetupLoadedEditorAssemblies (585ms)
				LogAssemblyErrors (0ms)
				InitializePlatformSupportModulesInManaged (4ms)
				SetLoadedEditorAssemblies (0ms)
				RefreshPlugins (1ms)
				BeforeProcessingInitializeOnLoad (33ms)
				ProcessInitializeOnLoadAttributes (530ms)
				ProcessInitializeOnLoadMethodAttributes (12ms)
				AfterProcessingInitializeOnLoad (6ms)
				EditorAssembliesLoaded (0ms)
			ExecutionOrderSort2 (0ms)
			AwakeInstancesAfterBackupRestoration (4ms)
Platform modules already initialized, skipping
Refreshing native plugins compatible for Editor in 0.42 ms, found 3 plugins.
Preloading 0 native plugins for Editor in 0.00 ms.
Unloading 3460 Unused Serialized files (Serialized files now loaded: 0)
Unloading 20 unused Assets / (21.9 KB). Loaded Objects now: 4042.
Memory consumption went from 129.5 MB to 129.5 MB.
Total: 2.269600 ms (FindLiveObjects: 0.177600 ms CreateObjectMapping: 0.055100 ms MarkObjects: 2.022700 ms  DeleteObjects: 0.013900 ms)

AssetImportParameters requested are different than current active one (requested -> active):
  custom:video-decoder-ogg-theora: a1e56fd34408186e4bbccfd4996cb3dc -> 
  custom:container-muxer-webm: aa71ff27fc2769a1b78a27578f13a17b -> 
  custom:container-demuxer-webm: 4f35f7cbe854078d1ac9338744f61a02 -> 
  custom:video-encoder-webm-vp8: eb34c28f22e8b96e1ab97ce403110664 -> 
  custom:video-codec-MediaFoundation-h265: 746d11721c4dcdbdad8f713fa42b33f4 -> 
  custom:CustomObjectIndexerAttribute: bc11b3a6c3213fcdd17b65e7da85e133 -> 
  custom:audio-encoder-webm-vorbis: bf7c407c2cedff20999df2af8eb42d56 -> 
  custom:framework-win-MediaFoundation: 216162199b28c13a410421893ffa2e32 -> 
  custom:SearchIndexIgnoredProperties: e643bd26f0fe6173181afceb89e7c659 -> 
  custom:container-demuxer-ogg: 62fdf1f143b41e24485cea50d1cbac27 -> 
  custom:video-decoder-webm-vp8: 9c59270c3fd7afecdb556c50c9e8de78 -> 
  custom:audio-decoder-ogg-vorbis: bf7c407c2cedff20999df2af8eb42d56 -> 
========================================================================
Received Prepare
Registering precompiled user dll's ...
Registered in 0.004029 seconds.
Begin MonoManager ReloadAssembly
Native extension for WindowsStandalone target not found
Refreshing native plugins compatible for Editor in 0.52 ms, found 3 plugins.
Preloading 0 native plugins for Editor in 0.00 ms.
log4net:ERROR Error while loading XML configuration
System.Xml.XmlException: Root element is missing.
  at System.Xml.XmlTextReaderImpl.Throw (System.Exception e) [0x00027] in <0e47d6e5abb547ba927c50a2ebe4b19e>:0 
  at System.Xml.XmlTextReaderImpl.ThrowWithoutLineInfo (System.String res) [0x00017] in <0e47d6e5abb547ba927c50a2ebe4b19e>:0 
  at System.Xml.XmlTextReaderImpl.ParseDocumentContent () [0x0035d] in <0e47d6e5abb547ba927c50a2ebe4b19e>:0 
  at System.Xml.XmlTextReaderImpl.Read () [0x0008c] in <0e47d6e5abb547ba927c50a2ebe4b19e>:0 
  at System.Xml.XmlLoader.Load (System.Xml.XmlDocument doc, System.Xml.XmlReader reader, System.Boolean preserveWhitespace) [0x000a6] in <0e47d6e5abb547ba927c50a2ebe4b19e>:0 
  at System.Xml.XmlDocument.Load (System.Xml.XmlReader reader) [0x0002e] in <0e47d6e5abb547ba927c50a2ebe4b19e>:0 
  at log4net.Config.XmlConfigurator.InternalConfigure (log4net.Repository.ILoggerRepository repository, System.IO.Stream configStream) [0x00063] in <e1a77b5dfa0c4a1f8ba616c017f5e0b8>:0 
[Package Manager] Server::EnsureServerProcessIsRunning -- launch failed, reason: Unity was launched with the -noUpm command-line argument
[Package Manager] Cannot connect to Unity Package Manager local server
Mono: successfully reloaded assembly
- Completed reload, in  1.007 seconds
Domain Reload Profiling:
	ReloadAssembly (1007ms)
		BeginReloadAssembly (100ms)
			ExecutionOrderSort (0ms)
			DisableScriptedObjects (3ms)
			BackupInstance (0ms)
			ReleaseScriptingObjects (0ms)
			CreateAndSetChildDomain (22ms)
		EndReloadAssembly (850ms)
			LoadAssemblies (62ms)
			RebuildTransferFunctionScriptingTraits (0ms)
			SetupTypeCache (163ms)
			ReleaseScriptCaches (1ms)
			RebuildScriptCaches (24ms)
			SetupLoadedEditorAssemblies (587ms)
				LogAssemblyErrors (0ms)
				InitializePlatformSupportModulesInManaged (4ms)
				SetLoadedEditorAssemblies (0ms)
				RefreshPlugins (1ms)
				BeforeProcessingInitializeOnLoad (33ms)
				ProcessInitializeOnLoadAttributes (532ms)
				ProcessInitializeOnLoadMethodAttributes (12ms)
				AfterProcessingInitializeOnLoad (6ms)
				EditorAssembliesLoaded (0ms)
			ExecutionOrderSort2 (0ms)
			AwakeInstancesAfterBackupRestoration (4ms)
Platform modules already initialized, skipping
Refreshing native plugins compatible for Editor in 0.29 ms, found 3 plugins.
Preloading 0 native plugins for Editor in 0.00 ms.
Unloading 3460 Unused Serialized files (Serialized files now loaded: 0)
Unloading 20 unused Assets / (21.9 KB). Loaded Objects now: 4045.
Memory consumption went from 129.5 MB to 129.5 MB.
Total: 2.314700 ms (FindLiveObjects: 0.194900 ms CreateObjectMapping: 0.060900 ms MarkObjects: 2.042900 ms  DeleteObjects: 0.015600 ms)

AssetImportParameters requested are different than current active one (requested -> active):
  custom:video-decoder-ogg-theora: a1e56fd34408186e4bbccfd4996cb3dc -> 
  custom:container-muxer-webm: aa71ff27fc2769a1b78a27578f13a17b -> 
  custom:container-demuxer-webm: 4f35f7cbe854078d1ac9338744f61a02 -> 
  custom:video-encoder-webm-vp8: eb34c28f22e8b96e1ab97ce403110664 -> 
  custom:video-codec-MediaFoundation-h265: 746d11721c4dcdbdad8f713fa42b33f4 -> 
  custom:CustomObjectIndexerAttribute: bc11b3a6c3213fcdd17b65e7da85e133 -> 
  custom:audio-encoder-webm-vorbis: bf7c407c2cedff20999df2af8eb42d56 -> 
  custom:framework-win-MediaFoundation: 216162199b28c13a410421893ffa2e32 -> 
  custom:SearchIndexIgnoredProperties: e643bd26f0fe6173181afceb89e7c659 -> 
  custom:container-demuxer-ogg: 62fdf1f143b41e24485cea50d1cbac27 -> 
  custom:video-decoder-webm-vp8: 9c59270c3fd7afecdb556c50c9e8de78 -> 
  custom:audio-decoder-ogg-vorbis: bf7c407c2cedff20999df2af8eb42d56 -> 
========================================================================
Received Prepare
Registering precompiled user dll's ...
Registered in 0.003600 seconds.
Begin MonoManager ReloadAssembly
Native extension for WindowsStandalone target not found
Refreshing native plugins compatible for Editor in 0.43 ms, found 3 plugins.
Preloading 0 native plugins for Editor in 0.00 ms.
log4net:ERROR Error while loading XML configuration
System.Xml.XmlException: Root element is missing.
  at System.Xml.XmlTextReaderImpl.Throw (System.Exception e) [0x00027] in <0e47d6e5abb547ba927c50a2ebe4b19e>:0 
  at System.Xml.XmlTextReaderImpl.ThrowWithoutLineInfo (System.String res) [0x00017] in <0e47d6e5abb547ba927c50a2ebe4b19e>:0 
  at System.Xml.XmlTextReaderImpl.ParseDocumentContent () [0x0035d] in <0e47d6e5abb547ba927c50a2ebe4b19e>:0 
  at System.Xml.XmlTextReaderImpl.Read () [0x0008c] in <0e47d6e5abb547ba927c50a2ebe4b19e>:0 
  at System.Xml.XmlLoader.Load (System.Xml.XmlDocument doc, System.Xml.XmlReader reader, System.Boolean preserveWhitespace) [0x000a6] in <0e47d6e5abb547ba927c50a2ebe4b19e>:0 
  at System.Xml.XmlDocument.Load (System.Xml.XmlReader reader) [0x0002e] in <0e47d6e5abb547ba927c50a2ebe4b19e>:0 
  at log4net.Config.XmlConfigurator.InternalConfigure (log4net.Repository.ILoggerRepository repository, System.IO.Stream configStream) [0x00063] in <e1a77b5dfa0c4a1f8ba616c017f5e0b8>:0 
[Package Manager] Server::EnsureServerProcessIsRunning -- launch failed, reason: Unity was launched with the -noUpm command-line argument
[Package Manager] Cannot connect to Unity Package Manager local server
Mono: successfully reloaded assembly
- Completed reload, in  1.011 seconds
Domain Reload Profiling:
	ReloadAssembly (1012ms)
		BeginReloadAssembly (95ms)
			ExecutionOrderSort (0ms)
			DisableScriptedObjects (3ms)
			BackupInstance (0ms)
			ReleaseScriptingObjects (0ms)
			CreateAndSetChildDomain (22ms)
		EndReloadAssembly (860ms)
			LoadAssemblies (59ms)
			RebuildTransferFunctionScriptingTraits (0ms)
			SetupTypeCache (165ms)
			ReleaseScriptCaches (1ms)
			RebuildScriptCaches (24ms)
			SetupLoadedEditorAssemblies (596ms)
				LogAssemblyErrors (0ms)
				InitializePlatformSupportModulesInManaged (3ms)
				SetLoadedEditorAssemblies (0ms)
				RefreshPlugins (0ms)
				BeforeProcessingInitializeOnLoad (32ms)
				ProcessInitializeOnLoadAttributes (542ms)
				ProcessInitializeOnLoadMethodAttributes (12ms)
				AfterProcessingInitializeOnLoad (6ms)
				EditorAssembliesLoaded (0ms)
			ExecutionOrderSort2 (0ms)
			AwakeInstancesAfterBackupRestoration (4ms)
Platform modules already initialized, skipping
Refreshing native plugins compatible for Editor in 0.33 ms, found 3 plugins.
Preloading 0 native plugins for Editor in 0.00 ms.
Unloading 3460 Unused Serialized files (Serialized files now loaded: 0)
Unloading 20 unused Assets / (22.0 KB). Loaded Objects now: 4048.
Memory consumption went from 129.5 MB to 129.5 MB.
Total: 2.367200 ms (FindLiveObjects: 0.204700 ms CreateObjectMapping: 0.059600 ms MarkObjects: 2.086200 ms  DeleteObjects: 0.016200 ms)

AssetImportParameters requested are different than current active one (requested -> active):
  custom:video-decoder-ogg-theora: a1e56fd34408186e4bbccfd4996cb3dc -> 
  custom:container-muxer-webm: aa71ff27fc2769a1b78a27578f13a17b -> 
  custom:container-demuxer-webm: 4f35f7cbe854078d1ac9338744f61a02 -> 
  custom:video-encoder-webm-vp8: eb34c28f22e8b96e1ab97ce403110664 -> 
  custom:video-codec-MediaFoundation-h265: 746d11721c4dcdbdad8f713fa42b33f4 -> 
  custom:CustomObjectIndexerAttribute: bc11b3a6c3213fcdd17b65e7da85e133 -> 
  custom:audio-encoder-webm-vorbis: bf7c407c2cedff20999df2af8eb42d56 -> 
  custom:framework-win-MediaFoundation: 216162199b28c13a410421893ffa2e32 -> 
  custom:SearchIndexIgnoredProperties: e643bd26f0fe6173181afceb89e7c659 -> 
  custom:container-demuxer-ogg: 62fdf1f143b41e24485cea50d1cbac27 -> 
  custom:video-decoder-webm-vp8: 9c59270c3fd7afecdb556c50c9e8de78 -> 
  custom:audio-decoder-ogg-vorbis: bf7c407c2cedff20999df2af8eb42d56 -> 
========================================================================
Received Prepare
Registering precompiled user dll's ...
Registered in 0.004344 seconds.
Begin MonoManager ReloadAssembly
Native extension for WindowsStandalone target not found
Refreshing native plugins compatible for Editor in 0.39 ms, found 3 plugins.
Preloading 0 native plugins for Editor in 0.00 ms.
log4net:ERROR Error while loading XML configuration
System.Xml.XmlException: Root element is missing.
  at System.Xml.XmlTextReaderImpl.Throw (System.Exception e) [0x00027] in <0e47d6e5abb547ba927c50a2ebe4b19e>:0 
  at System.Xml.XmlTextReaderImpl.ThrowWithoutLineInfo (System.String res) [0x00017] in <0e47d6e5abb547ba927c50a2ebe4b19e>:0 
  at System.Xml.XmlTextReaderImpl.ParseDocumentContent () [0x0035d] in <0e47d6e5abb547ba927c50a2ebe4b19e>:0 
  at System.Xml.XmlTextReaderImpl.Read () [0x0008c] in <0e47d6e5abb547ba927c50a2ebe4b19e>:0 
  at System.Xml.XmlLoader.Load (System.Xml.XmlDocument doc, System.Xml.XmlReader reader, System.Boolean preserveWhitespace) [0x000a6] in <0e47d6e5abb547ba927c50a2ebe4b19e>:0 
  at System.Xml.XmlDocument.Load (System.Xml.XmlReader reader) [0x0002e] in <0e47d6e5abb547ba927c50a2ebe4b19e>:0 
  at log4net.Config.XmlConfigurator.InternalConfigure (log4net.Repository.ILoggerRepository repository, System.IO.Stream configStream) [0x00063] in <e1a77b5dfa0c4a1f8ba616c017f5e0b8>:0 
[Package Manager] Server::EnsureServerProcessIsRunning -- launch failed, reason: Unity was launched with the -noUpm command-line argument
[Package Manager] Cannot connect to Unity Package Manager local server
Mono: successfully reloaded assembly
- Completed reload, in  1.005 seconds
Domain Reload Profiling:
	ReloadAssembly (1005ms)
		BeginReloadAssembly (96ms)
			ExecutionOrderSort (0ms)
			DisableScriptedObjects (3ms)
			BackupInstance (0ms)
			ReleaseScriptingObjects (0ms)
			CreateAndSetChildDomain (24ms)
		EndReloadAssembly (852ms)
			LoadAssemblies (61ms)
			RebuildTransferFunctionScriptingTraits (0ms)
			SetupTypeCache (163ms)
			ReleaseScriptCaches (1ms)
			RebuildScriptCaches (24ms)
			SetupLoadedEditorAssemblies (587ms)
				LogAssemblyErrors (0ms)
				InitializePlatformSupportModulesInManaged (4ms)
				SetLoadedEditorAssemblies (0ms)
				RefreshPlugins (0ms)
				BeforeProcessingInitializeOnLoad (32ms)
				ProcessInitializeOnLoadAttributes (531ms)
				ProcessInitializeOnLoadMethodAttributes (13ms)
				AfterProcessingInitializeOnLoad (7ms)
				EditorAssembliesLoaded (0ms)
			ExecutionOrderSort2 (0ms)
			AwakeInstancesAfterBackupRestoration (4ms)
Platform modules already initialized, skipping
Refreshing native plugins compatible for Editor in 0.31 ms, found 3 plugins.
Preloading 0 native plugins for Editor in 0.00 ms.
Unloading 3460 Unused Serialized files (Serialized files now loaded: 0)
Unloading 20 unused Assets / (21.9 KB). Loaded Objects now: 4051.
Memory consumption went from 129.5 MB to 129.5 MB.
Total: 2.370600 ms (FindLiveObjects: 0.225100 ms CreateObjectMapping: 0.068600 ms MarkObjects: 2.061200 ms  DeleteObjects: 0.015300 ms)

AssetImportParameters requested are different than current active one (requested -> active):
  custom:video-decoder-ogg-theora: a1e56fd34408186e4bbccfd4996cb3dc -> 
  custom:container-muxer-webm: aa71ff27fc2769a1b78a27578f13a17b -> 
  custom:container-demuxer-webm: 4f35f7cbe854078d1ac9338744f61a02 -> 
  custom:video-encoder-webm-vp8: eb34c28f22e8b96e1ab97ce403110664 -> 
  custom:video-codec-MediaFoundation-h265: 746d11721c4dcdbdad8f713fa42b33f4 -> 
  custom:CustomObjectIndexerAttribute: bc11b3a6c3213fcdd17b65e7da85e133 -> 
  custom:audio-encoder-webm-vorbis: bf7c407c2cedff20999df2af8eb42d56 -> 
  custom:framework-win-MediaFoundation: 216162199b28c13a410421893ffa2e32 -> 
  custom:SearchIndexIgnoredProperties: e643bd26f0fe6173181afceb89e7c659 -> 
  custom:container-demuxer-ogg: 62fdf1f143b41e24485cea50d1cbac27 -> 
  custom:video-decoder-webm-vp8: 9c59270c3fd7afecdb556c50c9e8de78 -> 
  custom:audio-decoder-ogg-vorbis: bf7c407c2cedff20999df2af8eb42d56 -> 
